,Unnamed: 0,split0_test_score,split1_test_score,split2_test_score,mean_test_score,std_test_score,rank_test_score,mean_fit_time,std_fit_time,mean_score_time,std_score_time,param_colsample_bytree,param_learning_rate,param_max_bin,param_max_depth,param_min_child_samples,param_min_child_weight,param_n_estimators,param_num_leaves,param_reg_alpha,param_reg_lambda,param_scale_pos_weight,param_subsample,param_subsample_for_bin,param_subsample_freq,params,rmse_val
0,0,-2.3706395700918987,-2.368846299353435,-2.3174855059880497,-2.352323791811128,0.02464526424154284,41,96.89213116963705,36.20086169764524,47.300781170527145,7.264665836251378,0.4160029192647807,0.01241881627783703,940,32,34,4.1411863834435225,208,74,5.497557739289786e-07,0.05936070635912049,0.06083028248722215,0.13556548021189216,171234,6,"OrderedDict([('colsample_bytree', 0.4160029192647807), ('learning_rate', 0.01241881627783703), ('max_bin', 940), ('max_depth', 32), ('min_child_samples', 34), ('min_child_weight', 4.1411863834435225), ('n_estimators', 208), ('num_leaves', 74), ('reg_alpha', 5.497557739289786e-07), ('reg_lambda', 0.05936070635912049), ('scale_pos_weight', 0.060830282487222144), ('subsample', 0.13556548021189216), ('subsample_for_bin', 171234), ('subsample_freq', 6)])",2.1619547828770265
1,1,-2.3712730724659714,-2.4089798930502853,-2.272187404506947,-2.350813456674401,0.057688780764974,37,120.04310981432596,37.784306335228464,22.39943631490071,5.62181475062128,0.8390144719977516,0.15247791391944726,373,95,43,0.6231295022094206,112,37,0.0005266983003701547,276.54244755742246,0.3016410771843142,0.9923710598637134,406716,4,"OrderedDict([('colsample_bytree', 0.8390144719977516), ('learning_rate', 0.15247791391944723), ('max_bin', 373), ('max_depth', 95), ('min_child_samples', 43), ('min_child_weight', 0.6231295022094206), ('n_estimators', 112), ('num_leaves', 37), ('reg_alpha', 0.0005266983003701547), ('reg_lambda', 276.5424475574225), ('scale_pos_weight', 0.3016410771843142), ('subsample', 0.9923710598637134), ('subsample_for_bin', 406716), ('subsample_freq', 4)])",2.118371959866075
2,2,-2.3757495581862766,-2.3994514647239726,-2.2831337129992644,-2.352778245303171,0.05018775251162979,42,78.28338503837584,28.365199162341305,32.681660095850624,4.940661179777722,0.4503841871781403,0.269809757549238,194,43,10,4.536653492696456,120,76,0.00010376808625045426,476.96194787286544,1.3165669602830552,0.38765850056252704,179142,5,"OrderedDict([('colsample_bytree', 0.4503841871781403), ('learning_rate', 0.269809757549238), ('max_bin', 194), ('max_depth', 43), ('min_child_samples', 10), ('min_child_weight', 4.5366534926964555), ('n_estimators', 120), ('num_leaves', 76), ('reg_alpha', 0.00010376808625045426), ('reg_lambda', 476.96194787286544), ('scale_pos_weight', 1.3165669602830552), ('subsample', 0.387658500562527), ('subsample_for_bin', 179142), ('subsample_freq', 5)])",2.132857567160476
6,6,-2.363140938950144,-2.417145867974193,-2.2725266654718674,-2.3509378241320684,0.059667777130539223,38,230.60853783289588,82.53143503038412,69.98154536883037,11.962153577666204,0.6209085649172932,0.026763977234469383,423,87,30,5.946200391406382,342,43,0.004026635957416632,0.040887904512512056,109.72255122430063,0.6612742297240571,344698,3,"OrderedDict([('colsample_bytree', 0.6209085649172932), ('learning_rate', 0.02676397723446938), ('max_bin', 423), ('max_depth', 87), ('min_child_samples', 30), ('min_child_weight', 5.946200391406382), ('n_estimators', 342), ('num_leaves', 43), ('reg_alpha', 0.004026635957416632), ('reg_lambda', 0.040887904512512056), ('scale_pos_weight', 109.72255122430063), ('subsample', 0.6612742297240571), ('subsample_for_bin', 344698), ('subsample_freq', 3)])",2.1194028853242624
13,13,-2.338025432224311,-2.3730137274119607,-2.298504261138244,-2.3365144735915058,0.030437119750846564,9,97.7057752609253,38.155350318792095,51.42850208282471,6.0040211298193515,0.3485907591654728,0.01877412525090989,880,42,33,2.1109324766349093,232,63,1.9386844864864646e-07,9.337896115941259,0.014000636973954938,0.19458047517021415,263268,5,"OrderedDict([('colsample_bytree', 0.3485907591654728), ('learning_rate', 0.018774125250909886), ('max_bin', 880), ('max_depth', 42), ('min_child_samples', 33), ('min_child_weight', 2.110932476634909), ('n_estimators', 232), ('num_leaves', 63), ('reg_alpha', 1.9386844864864643e-07), ('reg_lambda', 9.33789611594126), ('scale_pos_weight', 0.014000636973954938), ('subsample', 0.19458047517021418), ('subsample_for_bin', 263268), ('subsample_freq', 5)])",2.1358235492367252
16,16,-2.3256847399970693,-2.4024804355919884,-2.284353009249247,-2.337506061612768,0.048944389853153865,12,169.01743396123248,62.62045506268207,63.21564563115439,9.869194983827732,0.6054784638824845,0.014763976288298768,975,0,50,0.3198542280401547,263,100,1e-09,0.028735085635546786,3.5139314298691497e-06,0.3734440833939159,239283,6,"OrderedDict([('colsample_bytree', 0.6054784638824845), ('learning_rate', 0.014763976288298768), ('max_bin', 975), ('max_depth', 0), ('min_child_samples', 50), ('min_child_weight', 0.3198542280401547), ('n_estimators', 263), ('num_leaves', 100), ('reg_alpha', 1e-09), ('reg_lambda', 0.02873508563554679), ('scale_pos_weight', 3.51393142986915e-06), ('subsample', 0.3734440833939159), ('subsample_for_bin', 239283), ('subsample_freq', 6)])",2.1193500098810127
17,17,-2.3857580344751383,-2.374117373311652,-2.2998855281294355,-2.3532536453054083,0.03803501190799565,43,66.01377455393475,24.669666101532346,14.899502038955688,2.278514901933581,0.6259405594333994,0.12398951959808767,119,65,30,4.187017258869708,50,100,0.0016297861992989812,710.7680686804773,1.4295943731008614e-05,0.8393722963782664,222984,8,"OrderedDict([('colsample_bytree', 0.6259405594333994), ('learning_rate', 0.12398951959808767), ('max_bin', 119), ('max_depth', 65), ('min_child_samples', 30), ('min_child_weight', 4.187017258869708), ('n_estimators', 50), ('num_leaves', 100), ('reg_alpha', 0.0016297861992989812), ('reg_lambda', 710.7680686804773), ('scale_pos_weight', 1.4295943731008616e-05), ('subsample', 0.8393722963782664), ('subsample_for_bin', 222984), ('subsample_freq', 8)])",2.14136105520842
18,18,-2.3375931084739645,-2.4164134339867793,-2.281003087450708,-2.345003209970484,0.05552880748101974,26,178.66065573692322,66.26255922400466,66.86233282089232,9.893883358284599,0.6229562790680098,0.017721452172322363,582,0,40,2.0225852278423573,274,100,1e-09,0.6632295039147821,3.8379778595414164e-06,0.4187729652135194,266327,6,"OrderedDict([('colsample_bytree', 0.6229562790680098), ('learning_rate', 0.017721452172322363), ('max_bin', 582), ('max_depth', 0), ('min_child_samples', 40), ('min_child_weight', 2.0225852278423573), ('n_estimators', 274), ('num_leaves', 100), ('reg_alpha', 1e-09), ('reg_lambda', 0.6632295039147821), ('scale_pos_weight', 3.8379778595414164e-06), ('subsample', 0.4187729652135194), ('subsample_for_bin', 266327), ('subsample_freq', 6)])",2.1171784664017492
20,20,-2.346138255847264,-2.403970857053066,-2.2764529016539288,-2.3421873381847527,0.0521338952446873,21,187.21273183822632,67.3209516754301,68.67002018292743,11.986679529885109,0.5765073193557176,0.021919476963032036,662,60,34,2.280190874861245,288,67,2.7446868294198394e-07,3.3744033005744734,0.041052879765749464,0.46749719427214104,337174,3,"OrderedDict([('colsample_bytree', 0.5765073193557176), ('learning_rate', 0.021919476963032033), ('max_bin', 662), ('max_depth', 60), ('min_child_samples', 34), ('min_child_weight', 2.280190874861245), ('n_estimators', 288), ('num_leaves', 67), ('reg_alpha', 2.7446868294198394e-07), ('reg_lambda', 3.374403300574473), ('scale_pos_weight', 0.04105287976574946), ('subsample', 0.467497194272141), ('subsample_for_bin', 337174), ('subsample_freq', 3)])",2.1129769870784614
22,22,-2.3351040445096003,-2.383437362161541,-2.2878879851237537,-2.335476463931632,0.039008758719435634,7,110.18986614545184,42.445953331446304,51.520217577616364,6.838629109695155,0.4298446291790709,0.016905391326467085,847,28,40,0.969348835836737,229,77,2.524011601629368e-07,0.5513474604069509,0.0010631908026605386,0.2466396610515622,212226,5,"OrderedDict([('colsample_bytree', 0.4298446291790709), ('learning_rate', 0.016905391326467085), ('max_bin', 847), ('max_depth', 28), ('min_child_samples', 40), ('min_child_weight', 0.969348835836737), ('n_estimators', 229), ('num_leaves', 77), ('reg_alpha', 2.524011601629368e-07), ('reg_lambda', 0.5513474604069509), ('scale_pos_weight', 0.0010631908026605386), ('subsample', 0.2466396610515622), ('subsample_for_bin', 212226), ('subsample_freq', 5)])",2.131341945657417
25,25,-2.3764007675113565,-2.401513286701282,-2.2647139580493088,-2.3475426707539824,0.05945926555915445,29,220.89486511548358,79.97959840650023,97.24621645609537,16.93082304213923,0.4543612641249883,0.03480637267466915,207,17,34,6.1758798522542975,436,60,0.002137209018403777,0.483395138989193,11.340095088129154,0.1802267560495564,420869,0,"OrderedDict([('colsample_bytree', 0.45436126412498834), ('learning_rate', 0.03480637267466915), ('max_bin', 207), ('max_depth', 17), ('min_child_samples', 34), ('min_child_weight', 6.175879852254298), ('n_estimators', 436), ('num_leaves', 60), ('reg_alpha', 0.002137209018403777), ('reg_lambda', 0.48339513898919306), ('scale_pos_weight', 11.340095088129152), ('subsample', 0.1802267560495564), ('subsample_for_bin', 420869), ('subsample_freq', 0)])",2.110563319366325
26,26,-2.3782356925933033,-2.36005402807868,-2.332500129266414,-2.3569299499794654,0.01880169028189497,49,142.09673404693604,55.665811693467006,52.924779574076325,6.932849452011447,0.19405634313529127,0.012058385263678554,1000,37,37,3.4786968208410665,245,57,2.7435173459003035e-07,6.89549130493811e-05,0.019706388952882032,0.617081088698859,180794,8,"OrderedDict([('colsample_bytree', 0.19405634313529127), ('learning_rate', 0.012058385263678554), ('max_bin', 1000), ('max_depth', 37), ('min_child_samples', 37), ('min_child_weight', 3.478696820841066), ('n_estimators', 245), ('num_leaves', 57), ('reg_alpha', 2.7435173459003035e-07), ('reg_lambda', 6.89549130493811e-05), ('scale_pos_weight', 0.019706388952882032), ('subsample', 0.617081088698859), ('subsample_for_bin', 180794), ('subsample_freq', 8)])",2.190922938610613
29,29,-2.3271390591991703,-2.394326882644716,-2.2701981427650497,-2.3305546948696456,0.05073286864419357,4,291.5256270567576,115.20879464165142,100.32166020075479,14.864881517291579,0.2795490492208505,0.029981500815459423,656,100,16,9.01890994091669,475,61,0.0012840933349924355,0.0017821640662483702,0.0003726065128603856,0.8817507689216947,245794,3,"OrderedDict([('colsample_bytree', 0.27954904922085055), ('learning_rate', 0.029981500815459423), ('max_bin', 656), ('max_depth', 100), ('min_child_samples', 16), ('min_child_weight', 9.01890994091669), ('n_estimators', 475), ('num_leaves', 61), ('reg_alpha', 0.0012840933349924355), ('reg_lambda', 0.0017821640662483706), ('scale_pos_weight', 0.00037260651286038555), ('subsample', 0.8817507689216947), ('subsample_for_bin', 245794), ('subsample_freq', 3)])",2.1100226287425325
30,30,-2.3411751118616735,-2.412197312161138,-2.276209815369785,-2.3431940797975326,0.0555350159481332,23,293.28801218668616,106.47989201886385,72.7095643679301,8.138935523761974,0.6950747162558275,0.01603299226186282,677,46,43,2.006869232996164,308,76,8.783899335916853e-08,0.030309002833983106,0.0008968817907021117,0.6115471818818854,294694,1,"OrderedDict([('colsample_bytree', 0.6950747162558275), ('learning_rate', 0.01603299226186282), ('max_bin', 677), ('max_depth', 46), ('min_child_samples', 43), ('min_child_weight', 2.006869232996164), ('n_estimators', 308), ('num_leaves', 76), ('reg_alpha', 8.783899335916854e-08), ('reg_lambda', 0.030309002833983106), ('scale_pos_weight', 0.0008968817907021116), ('subsample', 0.6115471818818854), ('subsample_for_bin', 294694), ('subsample_freq', 1)])",2.1166072680746337
32,32,-2.3381654842571997,-2.4144309009057183,-2.2721650869420698,-2.341587157368329,0.058130149038425685,19,343.5367371241252,130.28381136956492,90.55697743097943,12.289889568034301,0.6269638233866034,0.018897294829755683,434,56,9,1.5511696598617777,500,31,1e-09,0.4564511244448295,3.144435674439313e-06,0.6635027047347526,160395,2,"OrderedDict([('colsample_bytree', 0.6269638233866034), ('learning_rate', 0.018897294829755676), ('max_bin', 434), ('max_depth', 56), ('min_child_samples', 9), ('min_child_weight', 1.5511696598617777), ('n_estimators', 500), ('num_leaves', 31), ('reg_alpha', 1e-09), ('reg_lambda', 0.4564511244448295), ('scale_pos_weight', 3.144435674439313e-06), ('subsample', 0.6635027047347526), ('subsample_for_bin', 160395), ('subsample_freq', 2)])",2.125611889730635
33,33,-2.322852160332101,-2.4026705637381385,-2.275603326938872,-2.333708683669704,0.05243992589103067,6,197.8427177270254,79.17684803689913,117.23719088236493,14.433886436772955,0.20210961288326074,0.039885465749697716,760,100,17,9.672117461856335,500,57,0.00154065391013908,0.00012859281979182808,1e-06,1.0,286598,4,"OrderedDict([('colsample_bytree', 0.20210961288326074), ('learning_rate', 0.03988546574969771), ('max_bin', 760), ('max_depth', 100), ('min_child_samples', 17), ('min_child_weight', 9.672117461856335), ('n_estimators', 500), ('num_leaves', 57), ('reg_alpha', 0.00154065391013908), ('reg_lambda', 0.00012859281979182808), ('scale_pos_weight', 1e-06), ('subsample', 1.0), ('subsample_for_bin', 286598), ('subsample_freq', 4)])",2.107544441108495
34,34,-2.3600622118395838,-2.3827758084297117,-2.331011867392065,-2.3579499625537865,0.02118525581186484,50,216.07768233617145,84.38598117298916,143.00886011123654,13.40443635052655,0.01,0.04103338346919915,412,69,31,9.62552545789215,448,63,0.003299024950937181,0.0039807873980442,0.013077624730857556,0.5151961077758505,162703,6,"OrderedDict([('colsample_bytree', 0.01), ('learning_rate', 0.04103338346919915), ('max_bin', 412), ('max_depth', 69), ('min_child_samples', 31), ('min_child_weight', 9.62552545789215), ('n_estimators', 448), ('num_leaves', 63), ('reg_alpha', 0.0032990249509371812), ('reg_lambda', 0.0039807873980442), ('scale_pos_weight', 0.013077624730857555), ('subsample', 0.5151961077758505), ('subsample_for_bin', 162703), ('subsample_freq', 6)])",2.16731578144435
36,36,-2.349395705748901,-2.391853155934627,-2.2949771483984267,-2.3454086700273185,0.03964982176859797,27,30134.74202299118,107.5377647677216,80.46746381123859,23.260334608624248,0.6496079208584393,0.010721848688049285,450,29,15,6.9825744252866935,394,20,6.6442183364799595e-09,2.9761681158930218,2.1409285279207815e-06,0.5256441119938153,392614,8,"OrderedDict([('colsample_bytree', 0.6496079208584393), ('learning_rate', 0.010721848688049285), ('max_bin', 450), ('max_depth', 29), ('min_child_samples', 15), ('min_child_weight', 6.9825744252866935), ('n_estimators', 394), ('num_leaves', 20), ('reg_alpha', 6.64421833647996e-09), ('reg_lambda', 2.9761681158930218), ('scale_pos_weight', 2.1409285279207815e-06), ('subsample', 0.5256441119938153), ('subsample_for_bin', 392614), ('subsample_freq', 8)])",2.1501673822446694
37,37,-2.3322740630265955,-2.3938479889499016,-2.289701448798831,-2.3386078335917757,0.04275287860514113,15,83.78965918223065,30.996684010769016,30.79507597287496,5.0821031569838135,0.17772789216920332,0.12575244123056892,715,75,10,2.0327112493052018,229,13,0.00043440503789861097,6.091395280182718,0.0005605410020364052,0.5200933999637842,246316,6,"OrderedDict([('colsample_bytree', 0.17772789216920332), ('learning_rate', 0.12575244123056892), ('max_bin', 715), ('max_depth', 75), ('min_child_samples', 10), ('min_child_weight', 2.032711249305202), ('n_estimators', 229), ('num_leaves', 13), ('reg_alpha', 0.000434405037898611), ('reg_lambda', 6.091395280182717), ('scale_pos_weight', 0.0005605410020364053), ('subsample', 0.5200933999637842), ('subsample_for_bin', 246316), ('subsample_freq', 6)])",2.1290560921352046
38,38,-2.328649389864648,-2.4383642277429525,-2.2824730748981907,-2.3498288975019306,0.06538063699921917,33,465.61696680386865,167.8912922198454,125.58628694216412,27.033654015232205,0.9386396678029088,0.018629944788433654,928,65,48,0.648667298466959,500,56,1e-09,26.71342214871357,6.322305084134338,0.6728804777083535,151371,0,"OrderedDict([('colsample_bytree', 0.9386396678029088), ('learning_rate', 0.018629944788433654), ('max_bin', 928), ('max_depth', 65), ('min_child_samples', 48), ('min_child_weight', 0.648667298466959), ('n_estimators', 500), ('num_leaves', 56), ('reg_alpha', 1e-09), ('reg_lambda', 26.71342214871357), ('scale_pos_weight', 6.322305084134338), ('subsample', 0.6728804777083535), ('subsample_for_bin', 151371), ('subsample_freq', 0)])",2.106248374401391
39,39,-2.330996694446167,-2.43797418196906,-2.2942530014292712,-2.3544079592814997,0.060964524792867375,45,57.03605922063193,21.337146029771425,13.971925099690758,1.0703284924841527,0.4553907004740105,0.1909835515679869,1000,100,12,2.01738158254408,125,7,8.180546205487797e-06,0.8497452407613547,211.40790034256815,0.5740622882090419,496856,0,"OrderedDict([('colsample_bytree', 0.45539070047401053), ('learning_rate', 0.1909835515679869), ('max_bin', 1000), ('max_depth', 100), ('min_child_samples', 12), ('min_child_weight', 2.01738158254408), ('n_estimators', 125), ('num_leaves', 7), ('reg_alpha', 8.180546205487797e-06), ('reg_lambda', 0.8497452407613547), ('scale_pos_weight', 211.40790034256818), ('subsample', 0.5740622882090419), ('subsample_for_bin', 496856), ('subsample_freq', 0)])",2.1394618328442205
40,40,-2.375699829494704,-2.3872723292369997,-2.288002386727353,-2.350324848486352,0.04432115835841673,35,52.119087298711136,18.86171368663463,15.192004203796387,3.1362844843523536,0.3221749982287616,0.27171685304694354,204,66,24,4.1128269906314845,68,42,0.0075385580610789265,255.94118905515342,2.1055491173082266e-05,0.6277184986050003,227099,10,"OrderedDict([('colsample_bytree', 0.32217499822876156), ('learning_rate', 0.27171685304694354), ('max_bin', 204), ('max_depth', 66), ('min_child_samples', 24), ('min_child_weight', 4.1128269906314845), ('n_estimators', 68), ('num_leaves', 42), ('reg_alpha', 0.007538558061078927), ('reg_lambda', 255.94118905515344), ('scale_pos_weight', 2.1055491173082266e-05), ('subsample', 0.6277184986050003), ('subsample_for_bin', 227099), ('subsample_freq', 10)])",2.1287136100475683
41,41,-2.400023915124983,-2.381134736434125,-2.285136229093597,-2.355431626884235,0.05030097733186889,47,221.73400203386944,86.45106450633291,66.44845573107403,9.281846304122283,0.6855769782065867,0.012206884552419904,100,0,23,0.7406896285621307,329,59,1e-09,0.05231960671513216,1e-06,0.5002826863442348,294333,5,"OrderedDict([('colsample_bytree', 0.6855769782065867), ('learning_rate', 0.012206884552419903), ('max_bin', 100), ('max_depth', 0), ('min_child_samples', 23), ('min_child_weight', 0.7406896285621307), ('n_estimators', 329), ('num_leaves', 59), ('reg_alpha', 1e-09), ('reg_lambda', 0.05231960671513216), ('scale_pos_weight', 1e-06), ('subsample', 0.5002826863442348), ('subsample_for_bin', 294333), ('subsample_freq', 5)])",2.1383242149177626
44,44,-2.3094462524013655,-2.393296879373909,-2.2851859119276403,-2.3293096812343053,0.04631711112388148,2,195.13226064046228,74.25166683618801,85.45344567298889,11.254379073691693,0.2802217934706952,0.02292566767918195,1000,100,1,10.0,500,22,0.007916583820169744,4.748658796810814e-07,1e-06,1.0,246639,8,"OrderedDict([('colsample_bytree', 0.2802217934706952), ('learning_rate', 0.02292566767918195), ('max_bin', 1000), ('max_depth', 100), ('min_child_samples', 1), ('min_child_weight', 10.0), ('n_estimators', 500), ('num_leaves', 22), ('reg_alpha', 0.007916583820169744), ('reg_lambda', 4.748658796810814e-07), ('scale_pos_weight', 1e-06), ('subsample', 1.0), ('subsample_for_bin', 246639), ('subsample_freq', 8)])",2.1242298749501938
45,45,-2.3545124018918044,-2.3758318167358605,-2.315903210575636,-2.3487491430677667,0.024802833484388682,32,226.5654004414876,77.79286687600506,81.41440288225809,10.778781849235434,0.01,0.08041688772308722,1000,69,1,6.027580607319812,500,16,0.00021383474095941566,0.04836060032510915,0.0029277759395410176,0.8911934013292091,406235,5,"OrderedDict([('colsample_bytree', 0.01), ('learning_rate', 0.08041688772308722), ('max_bin', 1000), ('max_depth', 69), ('min_child_samples', 1), ('min_child_weight', 6.027580607319811), ('n_estimators', 500), ('num_leaves', 16), ('reg_alpha', 0.00021383474095941564), ('reg_lambda', 0.04836060032510915), ('scale_pos_weight', 0.0029277759395410176), ('subsample', 0.8911934013292091), ('subsample_for_bin', 406235), ('subsample_freq', 5)])",2.1550053413667483
47,47,-2.329065182838153,-2.407792121809406,-2.271207949027178,-2.3360217512249126,0.055976807378539065,8,301.8054862817128,117.19574072868988,105.52220376332599,17.984700867487547,0.3231903114295587,0.02773632356979318,453,100,8,7.41150730178227,500,68,0.032648989942326866,2.87386924586161e-07,0.0187215646834593,0.8953780358949791,395637,7,"OrderedDict([('colsample_bytree', 0.3231903114295587), ('learning_rate', 0.02773632356979318), ('max_bin', 453), ('max_depth', 100), ('min_child_samples', 8), ('min_child_weight', 7.41150730178227), ('n_estimators', 500), ('num_leaves', 68), ('reg_alpha', 0.03264898994232687), ('reg_lambda', 2.87386924586161e-07), ('scale_pos_weight', 0.0187215646834593), ('subsample', 0.8953780358949791), ('subsample_for_bin', 395637), ('subsample_freq', 7)])",2.109651057801643
49,49,-2.3242492733658544,-2.4067636436171993,-2.2807505607516187,-2.337254492578224,0.05226009349649265,10,124.25468929608661,46.79237585345428,35.51868780454001,5.109818254975924,0.287204413136493,0.1225386820958432,628,100,2,1.4723127109634917,283,16,0.0005934085468757697,5.941103948463275,0.00015345076975037075,0.9173216829987809,205115,5,"OrderedDict([('colsample_bytree', 0.287204413136493), ('learning_rate', 0.1225386820958432), ('max_bin', 628), ('max_depth', 100), ('min_child_samples', 2), ('min_child_weight', 1.472312710963492), ('n_estimators', 283), ('num_leaves', 16), ('reg_alpha', 0.0005934085468757697), ('reg_lambda', 5.941103948463275), ('scale_pos_weight', 0.00015345076975037075), ('subsample', 0.917321682998781), ('subsample_for_bin', 205115), ('subsample_freq', 5)])",2.1248386375927146
51,51,-2.3386837522935924,-2.388819732800699,-2.2854858055444813,-2.3376630968795906,0.042192072190984885,13,99.13269440333048,38.50218852399868,47.52184716860452,7.614691386874092,0.2635108893732342,0.025232850700346556,833,55,22,1.5446160493167225,241,49,0.0004908249642997988,0.2630696148996294,0.14533239308638646,0.2938578370115985,272678,4,"OrderedDict([('colsample_bytree', 0.2635108893732342), ('learning_rate', 0.025232850700346553), ('max_bin', 833), ('max_depth', 55), ('min_child_samples', 22), ('min_child_weight', 1.5446160493167223), ('n_estimators', 241), ('num_leaves', 49), ('reg_alpha', 0.0004908249642997989), ('reg_lambda', 0.2630696148996294), ('scale_pos_weight', 0.14533239308638646), ('subsample', 0.29385783701159846), ('subsample_for_bin', 272678), ('subsample_freq', 4)])",2.132200352695775
52,52,-2.343790522748272,-2.3840634072812232,-2.301073750101747,-2.342975893377081,0.033885282109406036,22,88.72102061907452,34.67114455070995,53.291863361994416,6.554741923027137,0.31605846692964945,0.01689690986506413,1000,21,20,4.2046356981049415,251,61,1.5381195207395206e-06,0.2067273075783724,0.0706144590305583,0.10772247290778647,238429,4,"OrderedDict([('colsample_bytree', 0.31605846692964945), ('learning_rate', 0.016896909865064133), ('max_bin', 1000), ('max_depth', 21), ('min_child_samples', 20), ('min_child_weight', 4.204635698104942), ('n_estimators', 251), ('num_leaves', 61), ('reg_alpha', 1.5381195207395206e-06), ('reg_lambda', 0.20672730757837238), ('scale_pos_weight', 0.0706144590305583), ('subsample', 0.10772247290778648), ('subsample_for_bin', 238429), ('subsample_freq', 4)])",2.1426557864174876
54,54,-2.3326934793494125,-2.381699096206083,-2.3032621461589846,-2.339218240571493,0.032352415313508666,17,83.95883218447369,31.821395111509773,40.35859807332357,6.996359257043111,0.2362052911733556,0.027119675029275248,917,37,42,1e-07,240,21,1.8639727282521925e-05,0.2463023123418304,5.081609976140713e-05,0.2502807318552855,228975,5,"OrderedDict([('colsample_bytree', 0.23620529117335556), ('learning_rate', 0.027119675029275248), ('max_bin', 917), ('max_depth', 37), ('min_child_samples', 42), ('min_child_weight', 1e-07), ('n_estimators', 240), ('num_leaves', 21), ('reg_alpha', 1.8639727282521925e-05), ('reg_lambda', 0.24630231234183042), ('scale_pos_weight', 5.081609976140713e-05), ('subsample', 0.2502807318552855), ('subsample_for_bin', 228975), ('subsample_freq', 5)])",2.1442809606581146
57,57,-2.328535713498201,-2.4095336794207456,-2.2861431289021157,-2.3414041739403544,0.051189223767872986,18,158.4421234925588,58.44442646964539,68.61719663937886,11.504798586220375,0.4859145906460135,0.02282451046289952,903,19,46,1e-07,260,79,1.4157434635295134e-06,0.08164984257001391,1.5480404222413155e-05,0.230012742480712,228394,1,"OrderedDict([('colsample_bytree', 0.4859145906460135), ('learning_rate', 0.022824510462899517), ('max_bin', 903), ('max_depth', 19), ('min_child_samples', 46), ('min_child_weight', 1e-07), ('n_estimators', 260), ('num_leaves', 79), ('reg_alpha', 1.4157434635295134e-06), ('reg_lambda', 0.08164984257001391), ('scale_pos_weight', 1.5480404222413155e-05), ('subsample', 0.23001274248071196), ('subsample_for_bin', 228394), ('subsample_freq', 1)])",2.1186599703244346
59,59,-2.3427639710169723,-2.3981182955341755,-2.2754294397552584,-2.3387705687688016,0.050167049472881316,16,153.89630516370138,57.279042082985,84.62583470344543,14.414144418636193,0.5236977400807212,0.021634120986476667,383,26,48,3.877913556006695,283,100,1.8396651269394318e-07,0.1613965374236702,4.622571269593607,0.22110757669554626,280136,3,"OrderedDict([('colsample_bytree', 0.5236977400807212), ('learning_rate', 0.02163412098647667), ('max_bin', 383), ('max_depth', 26), ('min_child_samples', 48), ('min_child_weight', 3.877913556006695), ('n_estimators', 283), ('num_leaves', 100), ('reg_alpha', 1.8396651269394315e-07), ('reg_lambda', 0.1613965374236702), ('scale_pos_weight', 4.622571269593607), ('subsample', 0.22110757669554626), ('subsample_for_bin', 280136), ('subsample_freq', 3)])",2.119283896420484
61,61,-2.345659362811253,-2.4538514232317383,-2.270490231196874,-2.356667005746622,0.07526047142360992,48,393.76418813069665,145.96361132994963,103.34385569890341,16.677639228147658,0.8778693933000777,0.021008519692227855,1000,44,25,10.0,434,96,1.681763286038225e-08,3.869858073657972e-06,500.0,1.0,211975,6,"OrderedDict([('colsample_bytree', 0.8778693933000777), ('learning_rate', 0.021008519692227858), ('max_bin', 1000), ('max_depth', 44), ('min_child_samples', 25), ('min_child_weight', 10.0), ('n_estimators', 434), ('num_leaves', 96), ('reg_alpha', 1.681763286038225e-08), ('reg_lambda', 3.869858073657972e-06), ('scale_pos_weight', 499.99999999999994), ('subsample', 1.0), ('subsample_for_bin', 211975), ('subsample_freq', 6)])",2.097330465684005
65,65,-2.341804170744896,-2.3864872763451044,-2.2837185471581547,-2.337336664749385,0.042073918144459925,11,113.72282942136127,42.99502648067519,58.69425590833029,8.722728255262181,0.3601948681510277,0.02920184242656976,380,100,48,3.771033891798239,234,62,7.293699905524577e-06,2.9211749992834446,500.0,0.22244684780914306,364138,2,"OrderedDict([('colsample_bytree', 0.3601948681510277), ('learning_rate', 0.029201842426569764), ('max_bin', 380), ('max_depth', 100), ('min_child_samples', 48), ('min_child_weight', 3.771033891798239), ('n_estimators', 234), ('num_leaves', 62), ('reg_alpha', 7.293699905524578e-06), ('reg_lambda', 2.9211749992834446), ('scale_pos_weight', 499.99999999999994), ('subsample', 0.22244684780914306), ('subsample_for_bin', 364138), ('subsample_freq', 2)])",2.126794782561308
67,67,-2.340194658353844,-2.4013048545577487,-2.2921611390331904,-2.3445535506482607,0.044664210998308786,25,150.33368714650473,55.13263993613871,51.13259045283,7.079355106662548,0.8603671095245091,0.013319768662110364,868,100,45,5.2466899576626576,265,59,1.0,0.059581338256413575,17.24425961761086,0.2897918399633663,368696,7,"OrderedDict([('colsample_bytree', 0.8603671095245091), ('learning_rate', 0.013319768662110364), ('max_bin', 868), ('max_depth', 100), ('min_child_samples', 45), ('min_child_weight', 5.2466899576626576), ('n_estimators', 265), ('num_leaves', 59), ('reg_alpha', 1.0), ('reg_lambda', 0.059581338256413575), ('scale_pos_weight', 17.24425961761086), ('subsample', 0.2897918399633663), ('subsample_for_bin', 368696), ('subsample_freq', 7)])",2.129272576170737
68,68,-2.3883477960780843,-2.3907816182580617,-2.2814040615834488,-2.3535111586398645,0.05099709767577303,44,352.05413913726807,130.5404890585883,117.73117820421857,20.39149459536203,1.0,0.009468679840359885,100,100,50,9.658669593054741,500,100,1e-09,1.2397632192840475,1e-06,0.30185100170326923,284382,1,"OrderedDict([('colsample_bytree', 1.0), ('learning_rate', 0.009468679840359883), ('max_bin', 100), ('max_depth', 100), ('min_child_samples', 50), ('min_child_weight', 9.65866959305474), ('n_estimators', 500), ('num_leaves', 100), ('reg_alpha', 1e-09), ('reg_lambda', 1.2397632192840475), ('scale_pos_weight', 1e-06), ('subsample', 0.30185100170326923), ('subsample_for_bin', 284382), ('subsample_freq', 1)])",2.1286331623543693
71,71,-2.323728302227248,-2.420073868694498,-2.27127304725539,-2.338358406059045,0.061622242027995024,14,399.94099942843116,149.1279902404136,107.0407882531484,14.577619532720465,0.66569314140346,0.010702884992222468,690,100,25,6.3155986468368255,473,100,0.0020166369200728595,1e-09,1e-06,1.0,270238,0,"OrderedDict([('colsample_bytree', 0.66569314140346), ('learning_rate', 0.010702884992222467), ('max_bin', 690), ('max_depth', 100), ('min_child_samples', 25), ('min_child_weight', 6.315598646836826), ('n_estimators', 473), ('num_leaves', 100), ('reg_alpha', 0.0020166369200728595), ('reg_lambda', 1e-09), ('scale_pos_weight', 1e-06), ('subsample', 1.0), ('subsample_for_bin', 270238), ('subsample_freq', 0)])",2.108969994458729
72,72,-2.3913689623669465,-2.3809544446425126,-2.2806276066723585,-2.3509836712272727,0.0499306012354453,39,300.0647328694661,113.30633962006523,85.7447823683421,10.779278230294812,0.5605439316907443,0.009647154408937821,133,100,11,10.0,394,99,0.00016392433980566296,1e-09,1e-06,1.0,119354,7,"OrderedDict([('colsample_bytree', 0.5605439316907443), ('learning_rate', 0.00964715440893782), ('max_bin', 133), ('max_depth', 100), ('min_child_samples', 11), ('min_child_weight', 10.0), ('n_estimators', 394), ('num_leaves', 99), ('reg_alpha', 0.00016392433980566296), ('reg_lambda', 1e-09), ('scale_pos_weight', 1e-06), ('subsample', 1.0), ('subsample_for_bin', 119354), ('subsample_freq', 7)])",2.1343498581428277
76,76,-2.3410267448479645,-2.3755192645186316,-2.3089798103543453,-2.3418419399069808,0.02717073361000137,20,141.96896966298422,56.16638381621772,68.33883770306905,10.338234753098195,0.2164093168454971,0.01718794093119781,1000,35,50,1.8583446998036912,293,58,9.226956428891706e-09,0.8407494577007503,0.019278937700330127,0.22375678174479874,387542,1,"OrderedDict([('colsample_bytree', 0.2164093168454971), ('learning_rate', 0.01718794093119781), ('max_bin', 1000), ('max_depth', 35), ('min_child_samples', 50), ('min_child_weight', 1.8583446998036912), ('n_estimators', 293), ('num_leaves', 58), ('reg_alpha', 9.226956428891706e-09), ('reg_lambda', 0.8407494577007503), ('scale_pos_weight', 0.019278937700330127), ('subsample', 0.22375678174479874), ('subsample_for_bin', 387542), ('subsample_freq', 1)])",2.1457797593004386
79,79,-2.3471847022824694,-2.3981854512547183,-2.2933261281912967,-2.3462320939094945,0.04281393858207045,28,62.090060393015534,22.994999791887498,11.25552829106649,1.4971608743355098,0.6843530338341043,0.3232877938419353,548,6,6,6.007709639755659,50,63,0.02641662855850007,746.861513995221,500.0,0.9345785430658003,500000,2,"OrderedDict([('colsample_bytree', 0.6843530338341043), ('learning_rate', 0.32328779384193534), ('max_bin', 548), ('max_depth', 6), ('min_child_samples', 6), ('min_child_weight', 6.007709639755659), ('n_estimators', 50), ('num_leaves', 63), ('reg_alpha', 0.026416628558500067), ('reg_lambda', 746.8615139952209), ('scale_pos_weight', 499.99999999999994), ('subsample', 0.9345785430658005), ('subsample_for_bin', 500000), ('subsample_freq', 2)])",2.1278731074121935
80,80,-2.3556962562500523,-2.3617557239466755,-2.3135086069170456,-2.3436535290379243,0.021458743896867187,24,184.59288080533344,71.79502224442561,74.34814516703287,8.541880491344402,0.22828110415105965,0.01039809032059703,1000,20,39,8.818505600218316,303,100,1.2052150842121626e-09,7.547478717384899e-05,58.28644437788476,0.5202259613726178,424547,4,"OrderedDict([('colsample_bytree', 0.22828110415105965), ('learning_rate', 0.01039809032059703), ('max_bin', 1000), ('max_depth', 20), ('min_child_samples', 39), ('min_child_weight', 8.818505600218316), ('n_estimators', 303), ('num_leaves', 100), ('reg_alpha', 1.2052150842121626e-09), ('reg_lambda', 7.547478717384899e-05), ('scale_pos_weight', 58.28644437788476), ('subsample', 0.5202259613726178), ('subsample_for_bin', 424547), ('subsample_freq', 4)])",2.1623224843233912
83,83,-2.3157212721572416,-2.400782001938588,-2.2729983316320794,-2.3298338685759696,0.05311334190520644,3,361.5144182046255,139.58895620274563,125.66895031929016,17.612662547208632,0.3523974426705613,0.015779225888570857,930,100,31,10.0,500,100,0.00015657724288219618,1e-09,2.3165605184104963,0.7536523883731187,104108,3,"OrderedDict([('colsample_bytree', 0.3523974426705613), ('learning_rate', 0.015779225888570857), ('max_bin', 930), ('max_depth', 100), ('min_child_samples', 31), ('min_child_weight', 10.0), ('n_estimators', 500), ('num_leaves', 100), ('reg_alpha', 0.0001565772428821962), ('reg_lambda', 1e-09), ('scale_pos_weight', 2.3165605184104963), ('subsample', 0.7536523883731187), ('subsample_for_bin', 104108), ('subsample_freq', 3)])",2.1070571381863155
84,84,-2.3351451599319626,-2.4380574572465994,-2.278734830066187,-2.35064581574825,0.06596022857737034,36,295.5608034928639,115.63930705593542,85.81667494773866,12.117994376883338,0.7224282444739708,0.025225204082131282,552,89,22,2.884713814434483,500,31,1.4560512139129815e-05,0.004793903362725834,277.8855820589059,1.0,349285,9,"OrderedDict([('colsample_bytree', 0.7224282444739708), ('learning_rate', 0.025225204082131282), ('max_bin', 552), ('max_depth', 89), ('min_child_samples', 22), ('min_child_weight', 2.884713814434483), ('n_estimators', 500), ('num_leaves', 31), ('reg_alpha', 1.4560512139129814e-05), ('reg_lambda', 0.004793903362725834), ('scale_pos_weight', 277.8855820589059), ('subsample', 1.0), ('subsample_for_bin', 349285), ('subsample_freq', 9)])",2.1132702614603147
85,85,-2.3452585218803264,-2.424155803596518,-2.2860389041675373,-2.3518177432147938,0.05657642038490768,40,113.65734767913818,42.352716673693074,25.618330081303917,3.17583450214031,1.0,0.17318343227624872,1000,7,5,1e-07,106,67,1e-09,43.294075382506904,0.8703680844681305,0.7756843565519242,194917,8,"OrderedDict([('colsample_bytree', 1.0), ('learning_rate', 0.17318343227624872), ('max_bin', 1000), ('max_depth', 7), ('min_child_samples', 5), ('min_child_weight', 1e-07), ('n_estimators', 106), ('num_leaves', 67), ('reg_alpha', 1e-09), ('reg_lambda', 43.29407538250691), ('scale_pos_weight', 0.8703680844681305), ('subsample', 0.7756843565519242), ('subsample_for_bin', 194917), ('subsample_freq', 8)])",2.115977433282989
87,87,-2.3169629247405576,-2.4087018928143795,-2.269542488558008,-2.331735768704315,0.05776396014431021,5,274.5951213041941,99.14988601933793,77.9679353237152,8.532841639157239,0.5665322103234801,0.015132636385466334,1000,48,7,2.692369285871914,348,100,1e-09,0.002877101851839565,0.0008521211129176407,1.0,257203,2,"OrderedDict([('colsample_bytree', 0.5665322103234801), ('learning_rate', 0.015132636385466334), ('max_bin', 1000), ('max_depth', 48), ('min_child_samples', 7), ('min_child_weight', 2.692369285871914), ('n_estimators', 348), ('num_leaves', 100), ('reg_alpha', 1e-09), ('reg_lambda', 0.0028771018518395654), ('scale_pos_weight', 0.0008521211129176407), ('subsample', 1.0), ('subsample_for_bin', 257203), ('subsample_freq', 2)])",2.1127453512207452
88,88,-2.367864643634612,-2.35583930369582,-2.31991842757309,-2.3478741249678405,0.020368160819949598,31,159.41779247919715,63.50099569451681,74.99846124649049,9.152668102516888,0.14060488498148355,0.013411744010686759,1000,100,27,3.962296633805508,288,95,0.23754732193471215,0.00014072636636981245,495.2722093414573,0.925911812618426,254994,0,"OrderedDict([('colsample_bytree', 0.14060488498148355), ('learning_rate', 0.01341174401068676), ('max_bin', 1000), ('max_depth', 100), ('min_child_samples', 27), ('min_child_weight', 3.9622966338055075), ('n_estimators', 288), ('num_leaves', 95), ('reg_alpha', 0.23754732193471217), ('reg_lambda', 0.00014072636636981245), ('scale_pos_weight', 495.2722093414573), ('subsample', 0.9259118126184261), ('subsample_for_bin', 254994), ('subsample_freq', 0)])",2.174703863677907
90,90,-2.3564050187910404,-2.4168958690436235,-2.276538445045221,-2.3499464442932947,0.057482382844798785,34,337.28577534357714,124.56487567836281,66.55904722213745,7.97241003442318,1.0,0.016157608437149838,436,60,7,10.0,317,100,9.738554108933694e-07,1.3091939478527055e-05,1e-06,1.0,500000,1,"OrderedDict([('colsample_bytree', 1.0), ('learning_rate', 0.016157608437149838), ('max_bin', 436), ('max_depth', 60), ('min_child_samples', 7), ('min_child_weight', 10.0), ('n_estimators', 317), ('num_leaves', 100), ('reg_alpha', 9.738554108933692e-07), ('reg_lambda', 1.3091939478527055e-05), ('scale_pos_weight', 1e-06), ('subsample', 1.0), ('subsample_for_bin', 500000), ('subsample_freq', 1)])",2.116060149545666
92,92,-2.3466859877044532,-2.413426091374032,-2.2829572661325748,-2.34768978173702,0.05326840396718192,30,262.3951763312022,92.76187922044167,49.978228966395065,5.609010863525459,1.0,0.020575331774989304,1000,0,1,8.985174063039132,237,93,1e-09,0.06367799144354314,0.4434774921975164,0.998024424519676,383633,0,"OrderedDict([('colsample_bytree', 1.0), ('learning_rate', 0.020575331774989304), ('max_bin', 1000), ('max_depth', 0), ('min_child_samples', 1), ('min_child_weight', 8.98517406303913), ('n_estimators', 237), ('num_leaves', 93), ('reg_alpha', 1e-09), ('reg_lambda', 0.06367799144354314), ('scale_pos_weight', 0.4434774921975164), ('subsample', 0.998024424519676), ('subsample_for_bin', 383633), ('subsample_freq', 0)])",2.1122489831151494
93,93,-2.3522953286262034,-2.4213393177704954,-2.292401874076273,-2.355345506824324,0.05268265867044808,46,172.68343186378482,63.517566833497774,48.272425572077424,6.309560064428821,1.0,0.01599189785768729,1000,0,1,1.3042516086046845,262,71,1e-09,0.1471324983921361,2.611844648564685e-05,0.37939773419869577,269507,6,"OrderedDict([('colsample_bytree', 1.0), ('learning_rate', 0.01599189785768729), ('max_bin', 1000), ('max_depth', 0), ('min_child_samples', 1), ('min_child_weight', 1.3042516086046845), ('n_estimators', 262), ('num_leaves', 71), ('reg_alpha', 1e-09), ('reg_lambda', 0.1471324983921361), ('scale_pos_weight', 2.6118446485646855e-05), ('subsample', 0.37939773419869577), ('subsample_for_bin', 269507), ('subsample_freq', 6)])",2.122828238610114
97,97,-2.3175323970211377,-2.39147852491188,-2.267445897141521,-2.32548560635818,0.05094744574542271,1,320.19745270411175,125.37017656938828,144.67847148577368,17.696894976523687,0.3788168828625185,0.02097953548169249,512,42,11,1e-07,500,100,1e-09,58.78571582154463,500.0,0.01,500000,0,"OrderedDict([('colsample_bytree', 0.3788168828625185), ('learning_rate', 0.020979535481692492), ('max_bin', 512), ('max_depth', 42), ('min_child_samples', 11), ('min_child_weight', 1e-07), ('n_estimators', 500), ('num_leaves', 100), ('reg_alpha', 1e-09), ('reg_lambda', 58.78571582154463), ('scale_pos_weight', 499.99999999999994), ('subsample', 0.01), ('subsample_for_bin', 500000), ('subsample_freq', 0)])",2.1075101883319167
