,split0_test_score,split1_test_score,split2_test_score,mean_test_score,std_test_score,rank_test_score,mean_fit_time,std_fit_time,mean_score_time,std_score_time,param_colsample_bytree,param_learning_rate,param_max_bin,param_max_depth,param_min_child_samples,param_min_child_weight,param_n_estimators,param_num_leaves,param_reg_alpha,param_reg_lambda,param_scale_pos_weight,param_subsample,param_subsample_for_bin,param_subsample_freq,params
0,-2.3706395700918987,-2.368846299353435,-2.31748550598805,-2.352323791811128,0.02464526424154284,41,96.89213116963704,36.20086169764524,47.30078117052714,7.264665836251377,0.4160029192647807,0.01241881627783703,940,32,34,4.1411863834435225,208,74,5.497557739289786e-07,0.05936070635912049,0.060830282487222144,0.13556548021189216,171234,6,"OrderedDict([('colsample_bytree', 0.4160029192647807), ('learning_rate', 0.01241881627783703), ('max_bin', 940), ('max_depth', 32), ('min_child_samples', 34), ('min_child_weight', 4.1411863834435225), ('n_estimators', 208), ('num_leaves', 74), ('reg_alpha', 5.497557739289786e-07), ('reg_lambda', 0.05936070635912049), ('scale_pos_weight', 0.060830282487222144), ('subsample', 0.13556548021189216), ('subsample_for_bin', 171234), ('subsample_freq', 6)])"
1,-2.3712730724659714,-2.4089798930502853,-2.272187404506947,-2.350813456674401,0.057688780764973996,37,120.04310981432597,37.78430633522846,22.399436314900715,5.62181475062128,0.8390144719977516,0.15247791391944723,373,95,43,0.6231295022094206,112,37,0.0005266983003701547,276.5424475574225,0.3016410771843142,0.9923710598637134,406716,4,"OrderedDict([('colsample_bytree', 0.8390144719977516), ('learning_rate', 0.15247791391944723), ('max_bin', 373), ('max_depth', 95), ('min_child_samples', 43), ('min_child_weight', 0.6231295022094206), ('n_estimators', 112), ('num_leaves', 37), ('reg_alpha', 0.0005266983003701547), ('reg_lambda', 276.5424475574225), ('scale_pos_weight', 0.3016410771843142), ('subsample', 0.9923710598637134), ('subsample_for_bin', 406716), ('subsample_freq', 4)])"
2,-2.375749558186277,-2.3994514647239726,-2.283133712999264,-2.352778245303171,0.05018775251162979,42,78.28338503837585,28.365199162341305,32.681660095850624,4.940661179777723,0.4503841871781403,0.269809757549238,194,43,10,4.5366534926964555,120,76,0.00010376808625045426,476.96194787286544,1.3165669602830552,0.387658500562527,179142,5,"OrderedDict([('colsample_bytree', 0.4503841871781403), ('learning_rate', 0.269809757549238), ('max_bin', 194), ('max_depth', 43), ('min_child_samples', 10), ('min_child_weight', 4.5366534926964555), ('n_estimators', 120), ('num_leaves', 76), ('reg_alpha', 0.00010376808625045426), ('reg_lambda', 476.96194787286544), ('scale_pos_weight', 1.3165669602830552), ('subsample', 0.387658500562527), ('subsample_for_bin', 179142), ('subsample_freq', 5)])"
3,-3.8319583890327062,-3.491715376969257,-3.5753601301604956,-3.6330112987208194,0.14476203402315196,99,462.70209797223407,158.7577850660376,67.55269702275594,9.831566177685366,0.8142720284737898,1.5962500716886472e-06,638,80,27,0.9545504826044307,390,88,0.1611980387486336,4.3806965488564525e-05,0.0009365503147654213,0.8391548832503206,344173,0,"OrderedDict([('colsample_bytree', 0.8142720284737898), ('learning_rate', 1.5962500716886472e-06), ('max_bin', 638), ('max_depth', 80), ('min_child_samples', 27), ('min_child_weight', 0.9545504826044307), ('n_estimators', 390), ('num_leaves', 88), ('reg_alpha', 0.1611980387486336), ('reg_lambda', 4.3806965488564525e-05), ('scale_pos_weight', 0.0009365503147654213), ('subsample', 0.8391548832503206), ('subsample_for_bin', 344173), ('subsample_freq', 0)])"
4,-3.7741786854938515,-3.4335037600889775,-3.5211025785899595,-3.576261674724263,0.14444548132927548,98,317.5900673866272,113.18426925895778,42.80553968747457,5.025904812922363,0.8015579071911014,0.00011646737978730446,574,72,45,7.1703115398952555,241,66,1.5057560255472018e-06,0.08186810622382998,0.029004593634154585,0.8835665823899177,202222,3,"OrderedDict([('colsample_bytree', 0.8015579071911014), ('learning_rate', 0.00011646737978730446), ('max_bin', 574), ('max_depth', 72), ('min_child_samples', 45), ('min_child_weight', 7.1703115398952555), ('n_estimators', 241), ('num_leaves', 66), ('reg_alpha', 1.5057560255472018e-06), ('reg_lambda', 0.08186810622382998), ('scale_pos_weight', 0.029004593634154585), ('subsample', 0.8835665823899177), ('subsample_for_bin', 202222), ('subsample_freq', 3)])"
5,-2.634884973955918,-2.5538222701418083,-2.397775505828323,-2.5288275833086833,0.09839978233835095,89,151.43991875648499,51.45739562968559,53.25291061401367,9.6956557492773,0.7366877378057127,0.37634674415015656,247,19,40,3.725797842574601,257,54,0.011683028450342707,0.0048879464985534336,0.13267482411031659,0.5689543694097536,108942,5,"OrderedDict([('colsample_bytree', 0.7366877378057127), ('learning_rate', 0.37634674415015656), ('max_bin', 247), ('max_depth', 19), ('min_child_samples', 40), ('min_child_weight', 3.725797842574601), ('n_estimators', 257), ('num_leaves', 54), ('reg_alpha', 0.011683028450342707), ('reg_lambda', 0.0048879464985534336), ('scale_pos_weight', 0.13267482411031659), ('subsample', 0.5689543694097536), ('subsample_for_bin', 108942), ('subsample_freq', 5)])"
6,-2.363140938950144,-2.4171458679741935,-2.2725266654718674,-2.350937824132068,0.05966777713053923,38,230.6085378328959,82.53143503038412,69.98154536883037,11.962153577666205,0.6209085649172932,0.02676397723446938,423,87,30,5.946200391406382,342,43,0.004026635957416632,0.040887904512512056,109.72255122430063,0.6612742297240571,344698,3,"OrderedDict([('colsample_bytree', 0.6209085649172932), ('learning_rate', 0.02676397723446938), ('max_bin', 423), ('max_depth', 87), ('min_child_samples', 30), ('min_child_weight', 5.946200391406382), ('n_estimators', 342), ('num_leaves', 43), ('reg_alpha', 0.004026635957416632), ('reg_lambda', 0.040887904512512056), ('scale_pos_weight', 109.72255122430063), ('subsample', 0.6612742297240571), ('subsample_for_bin', 344698), ('subsample_freq', 3)])"
7,-2.3830876013823996,-2.4204756017501077,-2.3190029487529324,-2.3741887172951466,0.04190121263217456,67,154.93973724047342,62.19013201148659,28.852524360020954,3.1664528484553522,0.5479690370134094,0.27546383223043824,547,84,17,0.5113456316570625,307,5,2.9618722230360503e-06,8.153638964242,0.0015718563651880596,0.577028860872224,376134,1,"OrderedDict([('colsample_bytree', 0.5479690370134094), ('learning_rate', 0.27546383223043824), ('max_bin', 547), ('max_depth', 84), ('min_child_samples', 17), ('min_child_weight', 0.5113456316570625), ('n_estimators', 307), ('num_leaves', 5), ('reg_alpha', 2.9618722230360503e-06), ('reg_lambda', 8.153638964242), ('scale_pos_weight', 0.0015718563651880596), ('subsample', 0.577028860872224), ('subsample_for_bin', 376134), ('subsample_freq', 1)])"
8,-3.1764242741496767,-2.84593080306301,-2.963841424544455,-2.995398833919047,0.13675619711139247,97,51.35472067197164,19.287525325619825,8.16899569829305,0.979819807664511,0.955923206446829,0.008023246075377976,884,42,20,2.1141429516005337,50,38,0.00022356829889037284,1.2908532337409298e-07,4.73588486119117,0.4499578015509351,149866,2,"OrderedDict([('colsample_bytree', 0.955923206446829), ('learning_rate', 0.008023246075377976), ('max_bin', 884), ('max_depth', 42), ('min_child_samples', 20), ('min_child_weight', 2.1141429516005337), ('n_estimators', 50), ('num_leaves', 38), ('reg_alpha', 0.00022356829889037284), ('reg_lambda', 1.2908532337409298e-07), ('scale_pos_weight', 4.73588486119117), ('subsample', 0.4499578015509351), ('subsample_for_bin', 149866), ('subsample_freq', 2)])"
9,-2.4161023003345723,-2.3985878887042045,-2.3593479425251327,-2.391346043854637,0.02372899099146282,75,51.131884018580116,19.567805484708057,32.384650230407715,5.049172109963244,0.013594004182195795,0.053065240595955514,767,25,29,2.7471485608826898,191,17,0.11080071157037095,5.745523087821567,3.573713830065675,0.029649078936835577,194589,7,"OrderedDict([('colsample_bytree', 0.013594004182195795), ('learning_rate', 0.053065240595955514), ('max_bin', 767), ('max_depth', 25), ('min_child_samples', 29), ('min_child_weight', 2.7471485608826898), ('n_estimators', 191), ('num_leaves', 17), ('reg_alpha', 0.11080071157037095), ('reg_lambda', 5.745523087821567), ('scale_pos_weight', 3.573713830065675), ('subsample', 0.029649078936835577), ('subsample_for_bin', 194589), ('subsample_freq', 7)])"
10,-2.4844686729708347,-2.440342906501182,-2.278578921069803,-2.401130166847273,0.08850942208918026,78,409.58522804578143,138.88335651303328,123.21157948176067,29.18706444055528,1.0,0.03481898941212703,100,89,39,4.537130836749958,500,100,1e-09,0.3502207506693713,2.500296599222213e-05,1.0,500000,0,"OrderedDict([('colsample_bytree', 1.0), ('learning_rate', 0.03481898941212703), ('max_bin', 100), ('max_depth', 89), ('min_child_samples', 39), ('min_child_weight', 4.537130836749958), ('n_estimators', 500), ('num_leaves', 100), ('reg_alpha', 1e-09), ('reg_lambda', 0.3502207506693713), ('scale_pos_weight', 2.500296599222213e-05), ('subsample', 1.0), ('subsample_for_bin', 500000), ('subsample_freq', 0)])"
11,-2.684307012896652,-2.6825605578300893,-2.6060998629388377,-2.65765581122186,0.03646253217433035,92,19.56269598007202,6.458564302124711,5.2888593673706055,0.6880472890136522,0.01,1.0,1000,100,1,10.0,50,2,1.0,1e-09,499.99999999999994,0.01,500000,10,"OrderedDict([('colsample_bytree', 0.01), ('learning_rate', 1.0), ('max_bin', 1000), ('max_depth', 100), ('min_child_samples', 1), ('min_child_weight', 10.0), ('n_estimators', 50), ('num_leaves', 2), ('reg_alpha', 1.0), ('reg_lambda', 1e-09), ('scale_pos_weight', 499.99999999999994), ('subsample', 0.01), ('subsample_for_bin', 500000), ('subsample_freq', 10)])"
12,-3.073329121381447,-2.7549412127264783,-2.838708707716034,-2.88899301394132,0.13475681475368853,96,23.40676959355672,8.585140462947072,7.322083791097005,0.9150603167240161,0.10686955483404736,0.019599936861993933,1000,62,22,6.031104598353091,93,2,1.0,0.02968803065652048,499.99999999999994,0.07142159180993948,193716,7,"OrderedDict([('colsample_bytree', 0.10686955483404736), ('learning_rate', 0.019599936861993933), ('max_bin', 1000), ('max_depth', 62), ('min_child_samples', 22), ('min_child_weight', 6.031104598353091), ('n_estimators', 93), ('num_leaves', 2), ('reg_alpha', 1.0), ('reg_lambda', 0.02968803065652048), ('scale_pos_weight', 499.99999999999994), ('subsample', 0.07142159180993948), ('subsample_for_bin', 193716), ('subsample_freq', 7)])"
13,-2.338025432224311,-2.3730137274119607,-2.2985042611382442,-2.3365144735915058,0.030437119750846557,9,97.7057752609253,38.155350318792095,51.42850208282471,6.004021129819351,0.3485907591654728,0.018774125250909886,880,42,33,2.110932476634909,232,63,1.9386844864864643e-07,9.33789611594126,0.014000636973954938,0.19458047517021418,263268,5,"OrderedDict([('colsample_bytree', 0.3485907591654728), ('learning_rate', 0.018774125250909886), ('max_bin', 880), ('max_depth', 42), ('min_child_samples', 33), ('min_child_weight', 2.110932476634909), ('n_estimators', 232), ('num_leaves', 63), ('reg_alpha', 1.9386844864864643e-07), ('reg_lambda', 9.33789611594126), ('scale_pos_weight', 0.014000636973954938), ('subsample', 0.19458047517021418), ('subsample_for_bin', 263268), ('subsample_freq', 5)])"
14,-3.043848781500918,-2.6828492700025097,-2.65319243919885,-2.7932968302340924,0.1775802018169808,94,58.59161527951559,24.210256017421543,36.816356341044106,5.542381418579704,0.01,0.040441266605115885,891,0,1,5.781976032158672,173,100,2.174441688399796e-09,1000.0,0.004234694025819976,0.01,100000,10,"OrderedDict([('colsample_bytree', 0.01), ('learning_rate', 0.040441266605115885), ('max_bin', 891), ('max_depth', 0), ('min_child_samples', 1), ('min_child_weight', 5.781976032158672), ('n_estimators', 173), ('num_leaves', 100), ('reg_alpha', 2.174441688399796e-09), ('reg_lambda', 1000.0), ('scale_pos_weight', 0.004234694025819976), ('subsample', 0.01), ('subsample_for_bin', 100000), ('subsample_freq', 10)])"
15,-2.6715506587374014,-2.5848645034553037,-2.468303587135366,-2.5749062497760233,0.08327351776307766,90,203.56275463104248,79.61258002827212,48.00963497161865,6.640716959852761,0.9758363782853806,0.517932389297062,100,85,14,0.9839798851893147,338,47,2.9063580825576906e-07,6.897692481498963,0.0031282966148738285,0.9393047165210622,366733,0,"OrderedDict([('colsample_bytree', 0.9758363782853806), ('learning_rate', 0.517932389297062), ('max_bin', 100), ('max_depth', 85), ('min_child_samples', 14), ('min_child_weight', 0.9839798851893147), ('n_estimators', 338), ('num_leaves', 47), ('reg_alpha', 2.9063580825576906e-07), ('reg_lambda', 6.897692481498963), ('scale_pos_weight', 0.0031282966148738285), ('subsample', 0.9393047165210622), ('subsample_for_bin', 366733), ('subsample_freq', 0)])"
16,-2.3256847399970693,-2.402480435591988,-2.284353009249247,-2.337506061612768,0.04894438985315386,12,169.0174339612325,62.62045506268206,63.21564563115438,9.869194983827732,0.6054784638824845,0.014763976288298768,975,0,50,0.3198542280401547,263,100,1e-09,0.02873508563554679,3.51393142986915e-06,0.3734440833939159,239283,6,"OrderedDict([('colsample_bytree', 0.6054784638824845), ('learning_rate', 0.014763976288298768), ('max_bin', 975), ('max_depth', 0), ('min_child_samples', 50), ('min_child_weight', 0.3198542280401547), ('n_estimators', 263), ('num_leaves', 100), ('reg_alpha', 1e-09), ('reg_lambda', 0.02873508563554679), ('scale_pos_weight', 3.51393142986915e-06), ('subsample', 0.3734440833939159), ('subsample_for_bin', 239283), ('subsample_freq', 6)])"
17,-2.385758034475138,-2.374117373311652,-2.2998855281294355,-2.3532536453054083,0.03803501190799565,43,66.01377455393474,24.669666101532343,14.899502038955688,2.278514901933581,0.6259405594333994,0.12398951959808767,119,65,30,4.187017258869708,50,100,0.0016297861992989812,710.7680686804773,1.4295943731008616e-05,0.8393722963782664,222984,8,"OrderedDict([('colsample_bytree', 0.6259405594333994), ('learning_rate', 0.12398951959808767), ('max_bin', 119), ('max_depth', 65), ('min_child_samples', 30), ('min_child_weight', 4.187017258869708), ('n_estimators', 50), ('num_leaves', 100), ('reg_alpha', 0.0016297861992989812), ('reg_lambda', 710.7680686804773), ('scale_pos_weight', 1.4295943731008616e-05), ('subsample', 0.8393722963782664), ('subsample_for_bin', 222984), ('subsample_freq', 8)])"
18,-2.3375931084739645,-2.416413433986779,-2.281003087450708,-2.345003209970484,0.05552880748101974,26,178.66065573692322,66.26255922400466,66.86233282089233,9.8938833582846,0.6229562790680098,0.017721452172322363,582,0,40,2.0225852278423573,274,100,1e-09,0.6632295039147821,3.8379778595414164e-06,0.4187729652135194,266327,6,"OrderedDict([('colsample_bytree', 0.6229562790680098), ('learning_rate', 0.017721452172322363), ('max_bin', 582), ('max_depth', 0), ('min_child_samples', 40), ('min_child_weight', 2.0225852278423573), ('n_estimators', 274), ('num_leaves', 100), ('reg_alpha', 1e-09), ('reg_lambda', 0.6632295039147821), ('scale_pos_weight', 3.8379778595414164e-06), ('subsample', 0.4187729652135194), ('subsample_for_bin', 266327), ('subsample_freq', 6)])"
19,-2.512308464643002,-2.4158251076562833,-2.366545016750547,-2.4315595296832777,0.060538828932439503,86,150.1924319267273,54.910908898466865,144.6738498210907,15.471661217932963,0.01,0.020754790925836295,803,100,50,10.0,500,41,0.2098748424402442,4.6024295354443605e-05,499.99999999999994,0.01,179730,7,"OrderedDict([('colsample_bytree', 0.01), ('learning_rate', 0.020754790925836295), ('max_bin', 803), ('max_depth', 100), ('min_child_samples', 50), ('min_child_weight', 10.0), ('n_estimators', 500), ('num_leaves', 41), ('reg_alpha', 0.2098748424402442), ('reg_lambda', 4.6024295354443605e-05), ('scale_pos_weight', 499.99999999999994), ('subsample', 0.01), ('subsample_for_bin', 179730), ('subsample_freq', 7)])"
20,-2.3461382558472637,-2.403970857053066,-2.2764529016539288,-2.3421873381847527,0.0521338952446873,21,187.21273183822632,67.3209516754301,68.67002018292744,11.986679529885109,0.5765073193557176,0.021919476963032033,662,60,34,2.280190874861245,288,67,2.7446868294198394e-07,3.374403300574473,0.04105287976574946,0.467497194272141,337174,3,"OrderedDict([('colsample_bytree', 0.5765073193557176), ('learning_rate', 0.021919476963032033), ('max_bin', 662), ('max_depth', 60), ('min_child_samples', 34), ('min_child_weight', 2.280190874861245), ('n_estimators', 288), ('num_leaves', 67), ('reg_alpha', 2.7446868294198394e-07), ('reg_lambda', 3.374403300574473), ('scale_pos_weight', 0.04105287976574946), ('subsample', 0.467497194272141), ('subsample_for_bin', 337174), ('subsample_freq', 3)])"
21,-2.3661729930780626,-2.4292462682220908,-2.308282293522379,-2.3679005182741775,0.049398441616887306,62,71.01944820086162,27.56773927813382,27.98685097694397,4.238409967602006,0.45551723200383315,0.15458771097131366,812,63,20,2.495623272736233,277,6,3.08993739062538e-06,18.099631530241364,0.2904860616354694,0.19501428433227466,331956,3,"OrderedDict([('colsample_bytree', 0.45551723200383315), ('learning_rate', 0.15458771097131366), ('max_bin', 812), ('max_depth', 63), ('min_child_samples', 20), ('min_child_weight', 2.495623272736233), ('n_estimators', 277), ('num_leaves', 6), ('reg_alpha', 3.08993739062538e-06), ('reg_lambda', 18.099631530241364), ('scale_pos_weight', 0.2904860616354694), ('subsample', 0.19501428433227466), ('subsample_for_bin', 331956), ('subsample_freq', 3)])"
22,-2.3351040445096003,-2.383437362161541,-2.287887985123754,-2.3354764639316317,0.039008758719435634,7,110.18986614545186,42.445953331446304,51.52021757761637,6.838629109695155,0.4298446291790709,0.016905391326467085,847,28,40,0.969348835836737,229,77,2.524011601629368e-07,0.5513474604069509,0.0010631908026605386,0.2466396610515622,212226,5,"OrderedDict([('colsample_bytree', 0.4298446291790709), ('learning_rate', 0.016905391326467085), ('max_bin', 847), ('max_depth', 28), ('min_child_samples', 40), ('min_child_weight', 0.969348835836737), ('n_estimators', 229), ('num_leaves', 77), ('reg_alpha', 2.524011601629368e-07), ('reg_lambda', 0.5513474604069509), ('scale_pos_weight', 0.0010631908026605386), ('subsample', 0.2466396610515622), ('subsample_for_bin', 212226), ('subsample_freq', 5)])"
23,-2.432538326710693,-2.3779771644095313,-2.311519343232687,-2.37401161145097,0.049485302856591244,66,393.1955568790436,151.08302316855278,151.19488128026327,26.05914610021599,0.5741045069116983,0.011690696267976992,100,11,10,10.0,500,77,5.179988643248737e-08,1000.0,1e-06,0.5181903569123195,329884,9,"OrderedDict([('colsample_bytree', 0.5741045069116983), ('learning_rate', 0.011690696267976992), ('max_bin', 100), ('max_depth', 11), ('min_child_samples', 10), ('min_child_weight', 10.0), ('n_estimators', 500), ('num_leaves', 77), ('reg_alpha', 5.179988643248737e-08), ('reg_lambda', 1000.0), ('scale_pos_weight', 1e-06), ('subsample', 0.5181903569123195), ('subsample_for_bin', 329884), ('subsample_freq', 9)])"
24,-2.3762321537591307,-2.3905026789051336,-2.3207712198370523,-2.362502017500439,0.03007775010648855,54,202.6348040898641,80.55424550372051,139.58674796422324,14.309975565017027,0.01,0.08556624555282806,1000,83,1,8.166353475295155,500,62,0.050837799909305065,94.91403359805895,0.17566942851898892,0.32508971544045934,413812,7,"OrderedDict([('colsample_bytree', 0.01), ('learning_rate', 0.08556624555282806), ('max_bin', 1000), ('max_depth', 83), ('min_child_samples', 1), ('min_child_weight', 8.166353475295155), ('n_estimators', 500), ('num_leaves', 62), ('reg_alpha', 0.050837799909305065), ('reg_lambda', 94.91403359805895), ('scale_pos_weight', 0.17566942851898892), ('subsample', 0.32508971544045934), ('subsample_for_bin', 413812), ('subsample_freq', 7)])"
25,-2.3764007675113565,-2.401513286701282,-2.264713958049309,-2.3475426707539824,0.05945926555915445,29,220.8948651154836,79.97959840650024,97.24621645609538,16.93082304213923,0.45436126412498834,0.03480637267466915,207,17,34,6.175879852254298,436,60,0.002137209018403777,0.48339513898919306,11.340095088129152,0.1802267560495564,420869,0,"OrderedDict([('colsample_bytree', 0.45436126412498834), ('learning_rate', 0.03480637267466915), ('max_bin', 207), ('max_depth', 17), ('min_child_samples', 34), ('min_child_weight', 6.175879852254298), ('n_estimators', 436), ('num_leaves', 60), ('reg_alpha', 0.002137209018403777), ('reg_lambda', 0.48339513898919306), ('scale_pos_weight', 11.340095088129152), ('subsample', 0.1802267560495564), ('subsample_for_bin', 420869), ('subsample_freq', 0)])"
26,-2.378235692593303,-2.3600540280786797,-2.332500129266414,-2.3569299499794654,0.018801690281894972,49,142.09673404693604,55.665811693467006,52.92477957407633,6.932849452011448,0.19405634313529127,0.012058385263678554,1000,37,37,3.478696820841066,245,57,2.7435173459003035e-07,6.89549130493811e-05,0.019706388952882032,0.617081088698859,180794,8,"OrderedDict([('colsample_bytree', 0.19405634313529127), ('learning_rate', 0.012058385263678554), ('max_bin', 1000), ('max_depth', 37), ('min_child_samples', 37), ('min_child_weight', 3.478696820841066), ('n_estimators', 245), ('num_leaves', 57), ('reg_alpha', 2.7435173459003035e-07), ('reg_lambda', 6.89549130493811e-05), ('scale_pos_weight', 0.019706388952882032), ('subsample', 0.617081088698859), ('subsample_for_bin', 180794), ('subsample_freq', 8)])"
27,-2.402242093006426,-2.45068590748267,-2.31708856011934,-2.390005520202812,0.05522296075071901,74,54.21005940437317,20.0111113546826,19.735233942667644,3.1948620779772727,0.13753040987832124,0.2820568402905201,652,20,21,6.062638587368974,97,80,7.556193896111361e-07,2.661032859421375,0.1744437398578874,0.42986611455552737,359468,6,"OrderedDict([('colsample_bytree', 0.13753040987832124), ('learning_rate', 0.2820568402905201), ('max_bin', 652), ('max_depth', 20), ('min_child_samples', 21), ('min_child_weight', 6.062638587368974), ('n_estimators', 97), ('num_leaves', 80), ('reg_alpha', 7.556193896111361e-07), ('reg_lambda', 2.661032859421375), ('scale_pos_weight', 0.1744437398578874), ('subsample', 0.42986611455552737), ('subsample_for_bin', 359468), ('subsample_freq', 6)])"
28,-3.0435288929166937,-2.6827477714530152,-2.6401137601320586,-2.788796808167256,0.18096176572400585,93,102.06113521258037,41.7477723735741,75.80816340446472,7.369074105578237,0.3723178408507884,0.014209716085324054,774,31,40,2.5647898066108126,230,61,3.6203236938095295e-05,1000.0,0.07423926788529997,0.01,301369,5,"OrderedDict([('colsample_bytree', 0.3723178408507884), ('learning_rate', 0.014209716085324054), ('max_bin', 774), ('max_depth', 31), ('min_child_samples', 40), ('min_child_weight', 2.5647898066108126), ('n_estimators', 230), ('num_leaves', 61), ('reg_alpha', 3.6203236938095295e-05), ('reg_lambda', 1000.0), ('scale_pos_weight', 0.07423926788529997), ('subsample', 0.01), ('subsample_for_bin', 301369), ('subsample_freq', 5)])"
29,-2.3271390591991703,-2.394326882644716,-2.27019814276505,-2.3305546948696456,0.050732868644193574,4,291.5256270567576,115.20879464165142,100.3216602007548,14.864881517291579,0.27954904922085055,0.029981500815459423,656,100,16,9.01890994091669,475,61,0.0012840933349924355,0.0017821640662483706,0.00037260651286038555,0.8817507689216947,245794,3,"OrderedDict([('colsample_bytree', 0.27954904922085055), ('learning_rate', 0.029981500815459423), ('max_bin', 656), ('max_depth', 100), ('min_child_samples', 16), ('min_child_weight', 9.01890994091669), ('n_estimators', 475), ('num_leaves', 61), ('reg_alpha', 0.0012840933349924355), ('reg_lambda', 0.0017821640662483706), ('scale_pos_weight', 0.00037260651286038555), ('subsample', 0.8817507689216947), ('subsample_for_bin', 245794), ('subsample_freq', 3)])"
30,-2.341175111861673,-2.4121973121611386,-2.276209815369785,-2.3431940797975326,0.0555350159481332,23,293.2880121866862,106.47989201886385,72.7095643679301,8.138935523761974,0.6950747162558275,0.01603299226186282,677,46,43,2.006869232996164,308,76,8.783899335916854e-08,0.030309002833983106,0.0008968817907021116,0.6115471818818854,294694,1,"OrderedDict([('colsample_bytree', 0.6950747162558275), ('learning_rate', 0.01603299226186282), ('max_bin', 677), ('max_depth', 46), ('min_child_samples', 43), ('min_child_weight', 2.006869232996164), ('n_estimators', 308), ('num_leaves', 76), ('reg_alpha', 8.783899335916854e-08), ('reg_lambda', 0.030309002833983106), ('scale_pos_weight', 0.0008968817907021116), ('subsample', 0.6115471818818854), ('subsample_for_bin', 294694), ('subsample_freq', 1)])"
31,-2.396903192423354,-2.37571904257362,-2.3013710079816025,-2.3579977476595255,0.04096447880890176,51,142.1526097456614,54.61407472599146,49.841296990712486,7.552902739062489,0.9059995223970762,0.012055293684656866,152,22,42,3.7338115610004623,223,87,1e-09,0.00171089534119645,0.0001966427457849168,0.27655956307308127,389076,4,"OrderedDict([('colsample_bytree', 0.9059995223970762), ('learning_rate', 0.012055293684656866), ('max_bin', 152), ('max_depth', 22), ('min_child_samples', 42), ('min_child_weight', 3.7338115610004623), ('n_estimators', 223), ('num_leaves', 87), ('reg_alpha', 1e-09), ('reg_lambda', 0.00171089534119645), ('scale_pos_weight', 0.0001966427457849168), ('subsample', 0.27655956307308127), ('subsample_for_bin', 389076), ('subsample_freq', 4)])"
32,-2.3381654842571993,-2.414430900905718,-2.27216508694207,-2.341587157368329,0.05813014903842569,19,343.5367371241252,130.2838113695649,90.55697743097942,12.289889568034301,0.6269638233866034,0.018897294829755676,434,56,9,1.5511696598617777,500,31,1e-09,0.4564511244448295,3.144435674439313e-06,0.6635027047347526,160395,2,"OrderedDict([('colsample_bytree', 0.6269638233866034), ('learning_rate', 0.018897294829755676), ('max_bin', 434), ('max_depth', 56), ('min_child_samples', 9), ('min_child_weight', 1.5511696598617777), ('n_estimators', 500), ('num_leaves', 31), ('reg_alpha', 1e-09), ('reg_lambda', 0.4564511244448295), ('scale_pos_weight', 3.144435674439313e-06), ('subsample', 0.6635027047347526), ('subsample_for_bin', 160395), ('subsample_freq', 2)])"
33,-2.3228521603321015,-2.4026705637381385,-2.2756033269388714,-2.333708683669704,0.05243992589103067,6,197.84271772702536,79.17684803689912,117.23719088236491,14.433886436772955,0.20210961288326074,0.03988546574969771,760,100,17,9.672117461856335,500,57,0.00154065391013908,0.00012859281979182808,1e-06,1.0,286598,4,"OrderedDict([('colsample_bytree', 0.20210961288326074), ('learning_rate', 0.03988546574969771), ('max_bin', 760), ('max_depth', 100), ('min_child_samples', 17), ('min_child_weight', 9.672117461856335), ('n_estimators', 500), ('num_leaves', 57), ('reg_alpha', 0.00154065391013908), ('reg_lambda', 0.00012859281979182808), ('scale_pos_weight', 1e-06), ('subsample', 1.0), ('subsample_for_bin', 286598), ('subsample_freq', 4)])"
34,-2.3600622118395833,-2.3827758084297113,-2.3310118673920655,-2.3579499625537865,0.02118525581186484,50,216.07768233617148,84.38598117298915,143.00886011123657,13.40443635052655,0.01,0.04103338346919915,412,69,31,9.62552545789215,448,63,0.0032990249509371812,0.0039807873980442,0.013077624730857555,0.5151961077758505,162703,6,"OrderedDict([('colsample_bytree', 0.01), ('learning_rate', 0.04103338346919915), ('max_bin', 412), ('max_depth', 69), ('min_child_samples', 31), ('min_child_weight', 9.62552545789215), ('n_estimators', 448), ('num_leaves', 63), ('reg_alpha', 0.0032990249509371812), ('reg_lambda', 0.0039807873980442), ('scale_pos_weight', 0.013077624730857555), ('subsample', 0.5151961077758505), ('subsample_for_bin', 162703), ('subsample_freq', 6)])"
35,-3.833289874167818,-3.4930512664923223,-3.5765730178977537,-3.6343047195192977,0.14477635526869068,100,603.8309791882833,239.1928129737474,392.6438132127126,51.408310532675195,0.01,1e-07,1000,0,50,1e-07,500,100,1e-09,1000.0,1e-06,0.21761448424056093,100000,10,"OrderedDict([('colsample_bytree', 0.01), ('learning_rate', 1e-07), ('max_bin', 1000), ('max_depth', 0), ('min_child_samples', 50), ('min_child_weight', 1e-07), ('n_estimators', 500), ('num_leaves', 100), ('reg_alpha', 1e-09), ('reg_lambda', 1000.0), ('scale_pos_weight', 1e-06), ('subsample', 0.21761448424056093), ('subsample_for_bin', 100000), ('subsample_freq', 10)])"
36,-2.3493957057489014,-2.391853155934627,-2.2949771483984267,-2.3454086700273185,0.03964982176859797,27,30134.74202299118,107.53776476772161,80.4674638112386,23.26033460862425,0.6496079208584393,0.010721848688049285,450,29,15,6.9825744252866935,394,20,6.64421833647996e-09,2.9761681158930218,2.1409285279207815e-06,0.5256441119938153,392614,8,"OrderedDict([('colsample_bytree', 0.6496079208584393), ('learning_rate', 0.010721848688049285), ('max_bin', 450), ('max_depth', 29), ('min_child_samples', 15), ('min_child_weight', 6.9825744252866935), ('n_estimators', 394), ('num_leaves', 20), ('reg_alpha', 6.64421833647996e-09), ('reg_lambda', 2.9761681158930218), ('scale_pos_weight', 2.1409285279207815e-06), ('subsample', 0.5256441119938153), ('subsample_for_bin', 392614), ('subsample_freq', 8)])"
37,-2.3322740630265955,-2.3938479889499016,-2.289701448798831,-2.338607833591776,0.04275287860514113,15,83.78965918223064,30.996684010769016,30.795075972874958,5.082103156983813,0.17772789216920332,0.12575244123056892,715,75,10,2.032711249305202,229,13,0.000434405037898611,6.091395280182717,0.0005605410020364053,0.5200933999637842,246316,6,"OrderedDict([('colsample_bytree', 0.17772789216920332), ('learning_rate', 0.12575244123056892), ('max_bin', 715), ('max_depth', 75), ('min_child_samples', 10), ('min_child_weight', 2.032711249305202), ('n_estimators', 229), ('num_leaves', 13), ('reg_alpha', 0.000434405037898611), ('reg_lambda', 6.091395280182717), ('scale_pos_weight', 0.0005605410020364053), ('subsample', 0.5200933999637842), ('subsample_for_bin', 246316), ('subsample_freq', 6)])"
38,-2.3286493898646476,-2.4383642277429525,-2.2824730748981907,-2.3498288975019306,0.06538063699921917,33,465.6169668038686,167.8912922198454,125.58628694216411,27.033654015232205,0.9386396678029088,0.018629944788433654,928,65,48,0.648667298466959,500,56,1e-09,26.71342214871357,6.322305084134338,0.6728804777083535,151371,0,"OrderedDict([('colsample_bytree', 0.9386396678029088), ('learning_rate', 0.018629944788433654), ('max_bin', 928), ('max_depth', 65), ('min_child_samples', 48), ('min_child_weight', 0.648667298466959), ('n_estimators', 500), ('num_leaves', 56), ('reg_alpha', 1e-09), ('reg_lambda', 26.71342214871357), ('scale_pos_weight', 6.322305084134338), ('subsample', 0.6728804777083535), ('subsample_for_bin', 151371), ('subsample_freq', 0)])"
39,-2.330996694446167,-2.43797418196906,-2.294253001429271,-2.3544079592814993,0.06096452479286737,45,57.03605922063192,21.337146029771425,13.971925099690756,1.0703284924841527,0.45539070047401053,0.1909835515679869,1000,100,12,2.01738158254408,125,7,8.180546205487797e-06,0.8497452407613547,211.40790034256818,0.5740622882090419,496856,0,"OrderedDict([('colsample_bytree', 0.45539070047401053), ('learning_rate', 0.1909835515679869), ('max_bin', 1000), ('max_depth', 100), ('min_child_samples', 12), ('min_child_weight', 2.01738158254408), ('n_estimators', 125), ('num_leaves', 7), ('reg_alpha', 8.180546205487797e-06), ('reg_lambda', 0.8497452407613547), ('scale_pos_weight', 211.40790034256818), ('subsample', 0.5740622882090419), ('subsample_for_bin', 496856), ('subsample_freq', 0)])"
40,-2.3756998294947036,-2.3872723292369993,-2.288002386727353,-2.350324848486352,0.04432115835841673,35,52.11908729871114,18.86171368663463,15.192004203796387,3.136284484352354,0.32217499822876156,0.27171685304694354,204,66,24,4.1128269906314845,68,42,0.007538558061078927,255.94118905515344,2.1055491173082266e-05,0.6277184986050003,227099,10,"OrderedDict([('colsample_bytree', 0.32217499822876156), ('learning_rate', 0.27171685304694354), ('max_bin', 204), ('max_depth', 66), ('min_child_samples', 24), ('min_child_weight', 4.1128269906314845), ('n_estimators', 68), ('num_leaves', 42), ('reg_alpha', 0.007538558061078927), ('reg_lambda', 255.94118905515344), ('scale_pos_weight', 2.1055491173082266e-05), ('subsample', 0.6277184986050003), ('subsample_for_bin', 227099), ('subsample_freq', 10)])"
41,-2.400023915124983,-2.381134736434125,-2.2851362290935975,-2.355431626884235,0.05030097733186889,47,221.73400203386942,86.4510645063329,66.44845573107402,9.281846304122285,0.6855769782065867,0.012206884552419903,100,0,23,0.7406896285621307,329,59,1e-09,0.05231960671513216,1e-06,0.5002826863442348,294333,5,"OrderedDict([('colsample_bytree', 0.6855769782065867), ('learning_rate', 0.012206884552419903), ('max_bin', 100), ('max_depth', 0), ('min_child_samples', 23), ('min_child_weight', 0.7406896285621307), ('n_estimators', 329), ('num_leaves', 59), ('reg_alpha', 1e-09), ('reg_lambda', 0.05231960671513216), ('scale_pos_weight', 1e-06), ('subsample', 0.5002826863442348), ('subsample_for_bin', 294333), ('subsample_freq', 5)])"
42,-2.3493684935544294,-2.4424788349517383,-2.2859412740676137,-2.3592628675245937,0.06428802879273796,52,416.7915159861247,141.42047252652017,110.50105595588684,23.859840017822417,0.9741818209828436,0.021061642772307498,1000,100,50,3.46373297841737,377,100,1e-09,1e-09,1e-06,0.8954769911062529,500000,0,"OrderedDict([('colsample_bytree', 0.9741818209828436), ('learning_rate', 0.021061642772307498), ('max_bin', 1000), ('max_depth', 100), ('min_child_samples', 50), ('min_child_weight', 3.46373297841737), ('n_estimators', 377), ('num_leaves', 100), ('reg_alpha', 1e-09), ('reg_lambda', 1e-09), ('scale_pos_weight', 1e-06), ('subsample', 0.8954769911062529), ('subsample_for_bin', 500000), ('subsample_freq', 0)])"
43,-2.464002198733306,-2.383779176660752,-2.409127148239661,-2.418969507877906,0.033482207713448855,83,110.39988986651103,42.98515706626405,49.13811365763346,7.003844903973085,0.01,0.0165793422309143,285,100,50,9.10354905711849,300,12,0.036300246952522576,3.791595891579903e-06,499.99999999999994,0.5106150840743476,100000,7,"OrderedDict([('colsample_bytree', 0.01), ('learning_rate', 0.0165793422309143), ('max_bin', 285), ('max_depth', 100), ('min_child_samples', 50), ('min_child_weight', 9.10354905711849), ('n_estimators', 300), ('num_leaves', 12), ('reg_alpha', 0.036300246952522576), ('reg_lambda', 3.791595891579903e-06), ('scale_pos_weight', 499.99999999999994), ('subsample', 0.5106150840743476), ('subsample_for_bin', 100000), ('subsample_freq', 7)])"
44,-2.309446252401366,-2.393296879373909,-2.2851859119276403,-2.3293096812343053,0.046317111123881476,2,195.13226064046225,74.25166683618801,85.45344567298889,11.254379073691691,0.2802217934706952,0.02292566767918195,1000,100,1,10.0,500,22,0.007916583820169744,4.748658796810814e-07,1e-06,1.0,246639,8,"OrderedDict([('colsample_bytree', 0.2802217934706952), ('learning_rate', 0.02292566767918195), ('max_bin', 1000), ('max_depth', 100), ('min_child_samples', 1), ('min_child_weight', 10.0), ('n_estimators', 500), ('num_leaves', 22), ('reg_alpha', 0.007916583820169744), ('reg_lambda', 4.748658796810814e-07), ('scale_pos_weight', 1e-06), ('subsample', 1.0), ('subsample_for_bin', 246639), ('subsample_freq', 8)])"
45,-2.354512401891804,-2.3758318167358605,-2.3159032105756356,-2.3487491430677667,0.024802833484388682,32,226.56540044148764,77.79286687600506,81.4144028822581,10.778781849235434,0.01,0.08041688772308722,1000,69,1,6.027580607319811,500,16,0.00021383474095941564,0.04836060032510915,0.0029277759395410176,0.8911934013292091,406235,5,"OrderedDict([('colsample_bytree', 0.01), ('learning_rate', 0.08041688772308722), ('max_bin', 1000), ('max_depth', 69), ('min_child_samples', 1), ('min_child_weight', 6.027580607319811), ('n_estimators', 500), ('num_leaves', 16), ('reg_alpha', 0.00021383474095941564), ('reg_lambda', 0.04836060032510915), ('scale_pos_weight', 0.0029277759395410176), ('subsample', 0.8911934013292091), ('subsample_for_bin', 406235), ('subsample_freq', 5)])"
46,-2.374803858338492,-2.3833928790258203,-2.3475249098042936,-2.3685738823895353,0.01529133206019082,63,37.165978034337364,14.016314386664412,9.581323305765787,1.2519378218373358,0.105108680831982,0.1677063129956625,1000,100,1,2.972229989942987,50,45,0.009115796077032992,3.159591179979081,0.0002690625694815501,0.6546476352416357,361918,5,"OrderedDict([('colsample_bytree', 0.105108680831982), ('learning_rate', 0.1677063129956625), ('max_bin', 1000), ('max_depth', 100), ('min_child_samples', 1), ('min_child_weight', 2.972229989942987), ('n_estimators', 50), ('num_leaves', 45), ('reg_alpha', 0.009115796077032992), ('reg_lambda', 3.159591179979081), ('scale_pos_weight', 0.0002690625694815501), ('subsample', 0.6546476352416357), ('subsample_for_bin', 361918), ('subsample_freq', 5)])"
47,-2.3290651828381534,-2.407792121809406,-2.271207949027178,-2.3360217512249126,0.05597680737853906,8,301.80548628171283,117.19574072868987,105.522203763326,17.984700867487547,0.3231903114295587,0.02773632356979318,453,100,8,7.41150730178227,500,68,0.03264898994232687,2.87386924586161e-07,0.0187215646834593,0.8953780358949791,395637,7,"OrderedDict([('colsample_bytree', 0.3231903114295587), ('learning_rate', 0.02773632356979318), ('max_bin', 453), ('max_depth', 100), ('min_child_samples', 8), ('min_child_weight', 7.41150730178227), ('n_estimators', 500), ('num_leaves', 68), ('reg_alpha', 0.03264898994232687), ('reg_lambda', 2.87386924586161e-07), ('scale_pos_weight', 0.0187215646834593), ('subsample', 0.8953780358949791), ('subsample_for_bin', 395637), ('subsample_freq', 7)])"
48,-2.7059357746194412,-2.4999630939685704,-2.5221826123505715,-2.576027160312861,0.09230605903758027,91,21.3699045976003,7.061000248676509,5.286412000656128,0.5034819669225251,0.01,0.19357779385148877,1000,100,13,6.205336443744736,50,2,0.00015381727782139774,811.4774024033798,1.8977437726842594,0.3514844339787077,326652,10,"OrderedDict([('colsample_bytree', 0.01), ('learning_rate', 0.19357779385148877), ('max_bin', 1000), ('max_depth', 100), ('min_child_samples', 13), ('min_child_weight', 6.205336443744736), ('n_estimators', 50), ('num_leaves', 2), ('reg_alpha', 0.00015381727782139774), ('reg_lambda', 811.4774024033798), ('scale_pos_weight', 1.8977437726842594), ('subsample', 0.3514844339787077), ('subsample_for_bin', 326652), ('subsample_freq', 10)])"
49,-2.3242492733658544,-2.406763643617199,-2.2807505607516187,-2.3372544925782237,0.052260093496492646,10,124.25468929608662,46.79237585345428,35.51868780454,5.109818254975924,0.287204413136493,0.1225386820958432,628,100,2,1.472312710963492,283,16,0.0005934085468757697,5.941103948463275,0.00015345076975037075,0.917321682998781,205115,5,"OrderedDict([('colsample_bytree', 0.287204413136493), ('learning_rate', 0.1225386820958432), ('max_bin', 628), ('max_depth', 100), ('min_child_samples', 2), ('min_child_weight', 1.472312710963492), ('n_estimators', 283), ('num_leaves', 16), ('reg_alpha', 0.0005934085468757697), ('reg_lambda', 5.941103948463275), ('scale_pos_weight', 0.00015345076975037075), ('subsample', 0.917321682998781), ('subsample_for_bin', 205115), ('subsample_freq', 5)])"
50,-3.083045443308865,-2.7139790698606334,-2.6984771887296195,-2.8318339006330393,0.17774608567621802,95,22.833797057469685,8.5012846033299,7.82036821047465,1.1027845749363947,0.01,0.14544094286672524,1000,23,1,3.9137058166589496,50,6,0.01655410027221476,1000.0,1e-06,0.01,100000,9,"OrderedDict([('colsample_bytree', 0.01), ('learning_rate', 0.14544094286672524), ('max_bin', 1000), ('max_depth', 23), ('min_child_samples', 1), ('min_child_weight', 3.9137058166589496), ('n_estimators', 50), ('num_leaves', 6), ('reg_alpha', 0.01655410027221476), ('reg_lambda', 1000.0), ('scale_pos_weight', 1e-06), ('subsample', 0.01), ('subsample_for_bin', 100000), ('subsample_freq', 9)])"
51,-2.3386837522935924,-2.388819732800699,-2.2854858055444813,-2.337663096879591,0.04219207219098489,13,99.13269440333049,38.50218852399868,47.52184716860453,7.614691386874093,0.2635108893732342,0.025232850700346553,833,55,22,1.5446160493167223,241,49,0.0004908249642997989,0.2630696148996294,0.14533239308638646,0.29385783701159846,272678,4,"OrderedDict([('colsample_bytree', 0.2635108893732342), ('learning_rate', 0.025232850700346553), ('max_bin', 833), ('max_depth', 55), ('min_child_samples', 22), ('min_child_weight', 1.5446160493167223), ('n_estimators', 241), ('num_leaves', 49), ('reg_alpha', 0.0004908249642997989), ('reg_lambda', 0.2630696148996294), ('scale_pos_weight', 0.14533239308638646), ('subsample', 0.29385783701159846), ('subsample_for_bin', 272678), ('subsample_freq', 4)])"
52,-2.343790522748272,-2.3840634072812232,-2.301073750101747,-2.3429758933770812,0.03388528210940604,22,88.72102061907451,34.67114455070994,53.29186336199442,6.554741923027138,0.31605846692964945,0.016896909865064133,1000,21,20,4.204635698104942,251,61,1.5381195207395206e-06,0.20672730757837238,0.0706144590305583,0.10772247290778648,238429,4,"OrderedDict([('colsample_bytree', 0.31605846692964945), ('learning_rate', 0.016896909865064133), ('max_bin', 1000), ('max_depth', 21), ('min_child_samples', 20), ('min_child_weight', 4.204635698104942), ('n_estimators', 251), ('num_leaves', 61), ('reg_alpha', 1.5381195207395206e-06), ('reg_lambda', 0.20672730757837238), ('scale_pos_weight', 0.0706144590305583), ('subsample', 0.10772247290778648), ('subsample_for_bin', 238429), ('subsample_freq', 4)])"
53,-2.4136874902984222,-2.4050090841131855,-2.2841094318204878,-2.367602002077365,0.059144375047019165,60,62.4305473168691,22.84022672097194,13.386674324671427,2.0843655397375773,0.5156959965624548,0.2538267258418756,100,65,12,0.0031605837558233455,64,100,0.9941675726085971,73.10516178973864,1e-06,0.9219915831712251,100000,4,"OrderedDict([('colsample_bytree', 0.5156959965624548), ('learning_rate', 0.2538267258418756), ('max_bin', 100), ('max_depth', 65), ('min_child_samples', 12), ('min_child_weight', 0.0031605837558233455), ('n_estimators', 64), ('num_leaves', 100), ('reg_alpha', 0.9941675726085971), ('reg_lambda', 73.10516178973864), ('scale_pos_weight', 1e-06), ('subsample', 0.9219915831712251), ('subsample_for_bin', 100000), ('subsample_freq', 4)])"
54,-2.3326934793494125,-2.381699096206083,-2.3032621461589846,-2.339218240571493,0.032352415313508666,17,83.95883218447368,31.821395111509776,40.35859807332357,6.996359257043111,0.23620529117335556,0.027119675029275248,917,37,42,1e-07,240,21,1.8639727282521925e-05,0.24630231234183042,5.081609976140713e-05,0.2502807318552855,228975,5,"OrderedDict([('colsample_bytree', 0.23620529117335556), ('learning_rate', 0.027119675029275248), ('max_bin', 917), ('max_depth', 37), ('min_child_samples', 42), ('min_child_weight', 1e-07), ('n_estimators', 240), ('num_leaves', 21), ('reg_alpha', 1.8639727282521925e-05), ('reg_lambda', 0.24630231234183042), ('scale_pos_weight', 5.081609976140713e-05), ('subsample', 0.2502807318552855), ('subsample_for_bin', 228975), ('subsample_freq', 5)])"
55,-2.4147336683858383,-2.4103057418824236,-2.298577482288781,-2.374538964185681,0.05374328908344261,68,89.23485930760701,33.7527506419296,28.101574023564655,4.027794966383224,0.6341239682881978,0.28108244751499967,100,49,13,2.9258600140283253,132,58,0.0014509202670061915,165.47447951444178,0.0017093674875915594,0.5370591305762731,231873,4,"OrderedDict([('colsample_bytree', 0.6341239682881978), ('learning_rate', 0.28108244751499967), ('max_bin', 100), ('max_depth', 49), ('min_child_samples', 13), ('min_child_weight', 2.9258600140283253), ('n_estimators', 132), ('num_leaves', 58), ('reg_alpha', 0.0014509202670061915), ('reg_lambda', 165.47447951444178), ('scale_pos_weight', 0.0017093674875915594), ('subsample', 0.5370591305762731), ('subsample_for_bin', 231873), ('subsample_freq', 4)])"
56,-2.4858222328129163,-2.4007363083074127,-2.407694288803503,-2.431417609974611,0.03857460833916272,85,50.937240521113075,18.89210142407907,15.380464553833008,2.57657116915665,0.01,0.05361559223502997,1000,100,1,3.856137721889737,239,2,9.12265478815769e-06,3.612586000218587,1.0631116433119538,0.7105803761389778,328801,10,"OrderedDict([('colsample_bytree', 0.01), ('learning_rate', 0.05361559223502997), ('max_bin', 1000), ('max_depth', 100), ('min_child_samples', 1), ('min_child_weight', 3.856137721889737), ('n_estimators', 239), ('num_leaves', 2), ('reg_alpha', 9.12265478815769e-06), ('reg_lambda', 3.612586000218587), ('scale_pos_weight', 1.0631116433119538), ('subsample', 0.7105803761389778), ('subsample_for_bin', 328801), ('subsample_freq', 10)])"
57,-2.328535713498201,-2.4095336794207456,-2.286143128902116,-2.3414041739403544,0.05118922376787299,18,158.4421234925588,58.4444264696454,68.61719663937886,11.504798586220371,0.4859145906460135,0.022824510462899517,903,19,46,1e-07,260,79,1.4157434635295134e-06,0.08164984257001391,1.5480404222413155e-05,0.23001274248071196,228394,1,"OrderedDict([('colsample_bytree', 0.4859145906460135), ('learning_rate', 0.022824510462899517), ('max_bin', 903), ('max_depth', 19), ('min_child_samples', 46), ('min_child_weight', 1e-07), ('n_estimators', 260), ('num_leaves', 79), ('reg_alpha', 1.4157434635295134e-06), ('reg_lambda', 0.08164984257001391), ('scale_pos_weight', 1.5480404222413155e-05), ('subsample', 0.23001274248071196), ('subsample_for_bin', 228394), ('subsample_freq', 1)])"
58,-2.481914970960651,-2.397488090456742,-2.407881215370044,-2.429094758929146,0.037589762441882675,84,93.09892058372498,34.73223646975646,30.36664358774821,4.2736267726997,0.01,0.029171914246587608,1000,73,5,4.759536898751644,448,2,0.3379254515235634,3.238605018081535,5.613876616091872e-06,0.5028869431166535,182735,3,"OrderedDict([('colsample_bytree', 0.01), ('learning_rate', 0.029171914246587608), ('max_bin', 1000), ('max_depth', 73), ('min_child_samples', 5), ('min_child_weight', 4.759536898751644), ('n_estimators', 448), ('num_leaves', 2), ('reg_alpha', 0.3379254515235634), ('reg_lambda', 3.238605018081535), ('scale_pos_weight', 5.613876616091872e-06), ('subsample', 0.5028869431166535), ('subsample_for_bin', 182735), ('subsample_freq', 3)])"
59,-2.3427639710169723,-2.3981182955341755,-2.275429439755258,-2.338770568768802,0.050167049472881316,16,153.89630516370138,57.279042082985,84.62583470344543,14.414144418636191,0.5236977400807212,0.02163412098647667,383,26,48,3.877913556006695,283,100,1.8396651269394315e-07,0.1613965374236702,4.622571269593607,0.22110757669554626,280136,3,"OrderedDict([('colsample_bytree', 0.5236977400807212), ('learning_rate', 0.02163412098647667), ('max_bin', 383), ('max_depth', 26), ('min_child_samples', 48), ('min_child_weight', 3.877913556006695), ('n_estimators', 283), ('num_leaves', 100), ('reg_alpha', 1.8396651269394315e-07), ('reg_lambda', 0.1613965374236702), ('scale_pos_weight', 4.622571269593607), ('subsample', 0.22110757669554626), ('subsample_for_bin', 280136), ('subsample_freq', 3)])"
60,-2.4339481795093674,-2.401235748791593,-2.272703806564529,-2.3692959116218297,0.06959430939579656,64,271.08114377657574,96.77239992869127,65.71319675445557,7.493606767225614,1.0,0.021337097048125937,100,10,50,1e-07,256,100,1e-09,0.08803511366163312,76.52778243103369,0.22424903549875133,500000,0,"OrderedDict([('colsample_bytree', 1.0), ('learning_rate', 0.021337097048125937), ('max_bin', 100), ('max_depth', 10), ('min_child_samples', 50), ('min_child_weight', 1e-07), ('n_estimators', 256), ('num_leaves', 100), ('reg_alpha', 1e-09), ('reg_lambda', 0.08803511366163312), ('scale_pos_weight', 76.52778243103369), ('subsample', 0.22424903549875133), ('subsample_for_bin', 500000), ('subsample_freq', 0)])"
61,-2.345659362811253,-2.4538514232317383,-2.270490231196874,-2.356667005746622,0.07526047142360993,48,393.7641881306966,145.96361132994963,103.3438556989034,16.677639228147658,0.8778693933000777,0.021008519692227858,1000,44,25,10.0,434,96,1.681763286038225e-08,3.869858073657972e-06,499.99999999999994,1.0,211975,6,"OrderedDict([('colsample_bytree', 0.8778693933000777), ('learning_rate', 0.021008519692227858), ('max_bin', 1000), ('max_depth', 44), ('min_child_samples', 25), ('min_child_weight', 10.0), ('n_estimators', 434), ('num_leaves', 96), ('reg_alpha', 1.681763286038225e-08), ('reg_lambda', 3.869858073657972e-06), ('scale_pos_weight', 499.99999999999994), ('subsample', 1.0), ('subsample_for_bin', 211975), ('subsample_freq', 6)])"
62,-2.3811362586098554,-2.377805659923959,-2.3299038713653704,-2.3629485966330614,0.023405677700286277,56,141.8989681402842,55.47751218442438,93.52890205383301,10.294430593308672,0.01,0.034356155871449,1000,99,18,10.0,500,20,1e-09,1e-09,1e-06,1.0,100000,10,"OrderedDict([('colsample_bytree', 0.01), ('learning_rate', 0.034356155871449), ('max_bin', 1000), ('max_depth', 99), ('min_child_samples', 18), ('min_child_weight', 10.0), ('n_estimators', 500), ('num_leaves', 20), ('reg_alpha', 1e-09), ('reg_lambda', 1e-09), ('scale_pos_weight', 1e-06), ('subsample', 1.0), ('subsample_for_bin', 100000), ('subsample_freq', 10)])"
63,-2.3948529496885427,-2.3823565054180387,-2.3440644623984803,-2.3737579725016875,0.02160738587517998,65,163.05478429794312,63.670075581776814,70.59244577089946,8.681426365847908,0.01,0.027644138156740234,1000,0,14,8.894859284385483,500,10,3.879882477130764e-05,0.00011772907970713664,329.4916486188476,0.7991304393827251,160756,10,"OrderedDict([('colsample_bytree', 0.01), ('learning_rate', 0.027644138156740234), ('max_bin', 1000), ('max_depth', 0), ('min_child_samples', 14), ('min_child_weight', 8.894859284385483), ('n_estimators', 500), ('num_leaves', 10), ('reg_alpha', 3.879882477130764e-05), ('reg_lambda', 0.00011772907970713664), ('scale_pos_weight', 329.4916486188476), ('subsample', 0.7991304393827251), ('subsample_for_bin', 160756), ('subsample_freq', 10)])"
64,-2.356870292212867,-2.408062103517719,-2.32664691012485,-2.363859768618479,0.03360305555668035,57,65.27077126502991,23.707323320044466,45.13384675979614,7.283683044051144,0.09196924271748236,0.07290586696552402,705,12,36,6.510167156787208,215,31,1.0,0.503309936707866,499.99999999999994,0.06577490591705086,100000,6,"OrderedDict([('colsample_bytree', 0.09196924271748236), ('learning_rate', 0.07290586696552402), ('max_bin', 705), ('max_depth', 12), ('min_child_samples', 36), ('min_child_weight', 6.510167156787208), ('n_estimators', 215), ('num_leaves', 31), ('reg_alpha', 1.0), ('reg_lambda', 0.503309936707866), ('scale_pos_weight', 499.99999999999994), ('subsample', 0.06577490591705086), ('subsample_for_bin', 100000), ('subsample_freq', 6)])"
65,-2.3418041707448958,-2.3864872763451044,-2.283718547158155,-2.337336664749385,0.042073918144459925,11,113.72282942136128,42.99502648067519,58.694255908330284,8.722728255262181,0.3601948681510277,0.029201842426569764,380,100,48,3.771033891798239,234,62,7.293699905524578e-06,2.9211749992834446,499.99999999999994,0.22244684780914306,364138,2,"OrderedDict([('colsample_bytree', 0.3601948681510277), ('learning_rate', 0.029201842426569764), ('max_bin', 380), ('max_depth', 100), ('min_child_samples', 48), ('min_child_weight', 3.771033891798239), ('n_estimators', 234), ('num_leaves', 62), ('reg_alpha', 7.293699905524578e-06), ('reg_lambda', 2.9211749992834446), ('scale_pos_weight', 499.99999999999994), ('subsample', 0.22244684780914306), ('subsample_for_bin', 364138), ('subsample_freq', 2)])"
66,-2.44792516227568,-2.419901277028027,-2.2937980232254276,-2.387208154176378,0.0670344387077703,71,247.29952891667685,85.1377182786669,115.40951991081238,25.556378273901217,0.548426279045074,0.09344209874377733,100,100,30,5.174854159860645,500,100,1.0,0.4350284955738706,0.01915406649393043,0.01,324915,0,"OrderedDict([('colsample_bytree', 0.548426279045074), ('learning_rate', 0.09344209874377733), ('max_bin', 100), ('max_depth', 100), ('min_child_samples', 30), ('min_child_weight', 5.174854159860645), ('n_estimators', 500), ('num_leaves', 100), ('reg_alpha', 1.0), ('reg_lambda', 0.4350284955738706), ('scale_pos_weight', 0.01915406649393043), ('subsample', 0.01), ('subsample_for_bin', 324915), ('subsample_freq', 0)])"
67,-2.3401946583538438,-2.4013048545577487,-2.2921611390331904,-2.344553550648261,0.04466421099830879,25,150.33368714650473,55.13263993613871,51.132590452829994,7.079355106662547,0.8603671095245091,0.013319768662110364,868,100,45,5.2466899576626576,265,59,1.0,0.059581338256413575,17.24425961761086,0.2897918399633663,368696,7,"OrderedDict([('colsample_bytree', 0.8603671095245091), ('learning_rate', 0.013319768662110364), ('max_bin', 868), ('max_depth', 100), ('min_child_samples', 45), ('min_child_weight', 5.2466899576626576), ('n_estimators', 265), ('num_leaves', 59), ('reg_alpha', 1.0), ('reg_lambda', 0.059581338256413575), ('scale_pos_weight', 17.24425961761086), ('subsample', 0.2897918399633663), ('subsample_for_bin', 368696), ('subsample_freq', 7)])"
68,-2.3883477960780843,-2.3907816182580617,-2.2814040615834488,-2.3535111586398645,0.05099709767577303,44,352.05413913726807,130.5404890585883,117.73117820421855,20.39149459536203,1.0,0.009468679840359883,100,100,50,9.65866959305474,500,100,1e-09,1.2397632192840475,1e-06,0.30185100170326923,284382,1,"OrderedDict([('colsample_bytree', 1.0), ('learning_rate', 0.009468679840359883), ('max_bin', 100), ('max_depth', 100), ('min_child_samples', 50), ('min_child_weight', 9.65866959305474), ('n_estimators', 500), ('num_leaves', 100), ('reg_alpha', 1e-09), ('reg_lambda', 1.2397632192840475), ('scale_pos_weight', 1e-06), ('subsample', 0.30185100170326923), ('subsample_for_bin', 284382), ('subsample_freq', 1)])"
69,-2.3567128855733537,-2.452765739655241,-2.2740186603368877,-2.3611657618551605,0.073041087394225,53,255.99082430203757,91.04212993401396,96.405517578125,15.968623493920571,0.6058342769181455,0.05004927376911533,578,25,22,1e-07,500,56,1.7055984111411203e-05,2.641184516140419e-06,1e-06,1.0,464369,4,"OrderedDict([('colsample_bytree', 0.6058342769181455), ('learning_rate', 0.05004927376911533), ('max_bin', 578), ('max_depth', 25), ('min_child_samples', 22), ('min_child_weight', 1e-07), ('n_estimators', 500), ('num_leaves', 56), ('reg_alpha', 1.7055984111411203e-05), ('reg_lambda', 2.641184516140419e-06), ('scale_pos_weight', 1e-06), ('subsample', 1.0), ('subsample_for_bin', 464369), ('subsample_freq', 4)])"
70,-2.3580718908017544,-2.4939872497715307,-2.3168334873520045,-2.389630875975097,0.07568725583490224,73,51.3582710425059,19.068149262348705,12.905978759129843,1.6169564785932058,0.541956378664735,0.28466582321089723,983,86,15,1e-07,59,100,4.4448034537336585e-08,5.746574553127614,1.0478647423617113e-05,0.9004719379615125,226932,0,"OrderedDict([('colsample_bytree', 0.541956378664735), ('learning_rate', 0.28466582321089723), ('max_bin', 983), ('max_depth', 86), ('min_child_samples', 15), ('min_child_weight', 1e-07), ('n_estimators', 59), ('num_leaves', 100), ('reg_alpha', 4.4448034537336585e-08), ('reg_lambda', 5.746574553127614), ('scale_pos_weight', 1.0478647423617113e-05), ('subsample', 0.9004719379615125), ('subsample_for_bin', 226932), ('subsample_freq', 0)])"
71,-2.323728302227248,-2.420073868694498,-2.27127304725539,-2.3383584060590454,0.06162224202799503,14,399.9409994284312,149.1279902404136,107.04078825314839,14.577619532720467,0.66569314140346,0.010702884992222467,690,100,25,6.315598646836826,473,100,0.0020166369200728595,1e-09,1e-06,1.0,270238,0,"OrderedDict([('colsample_bytree', 0.66569314140346), ('learning_rate', 0.010702884992222467), ('max_bin', 690), ('max_depth', 100), ('min_child_samples', 25), ('min_child_weight', 6.315598646836826), ('n_estimators', 473), ('num_leaves', 100), ('reg_alpha', 0.0020166369200728595), ('reg_lambda', 1e-09), ('scale_pos_weight', 1e-06), ('subsample', 1.0), ('subsample_for_bin', 270238), ('subsample_freq', 0)])"
72,-2.391368962366947,-2.3809544446425126,-2.2806276066723585,-2.3509836712272727,0.0499306012354453,39,300.0647328694661,113.30633962006523,85.74478236834209,10.779278230294812,0.5605439316907443,0.00964715440893782,133,100,11,10.0,394,99,0.00016392433980566296,1e-09,1e-06,1.0,119354,7,"OrderedDict([('colsample_bytree', 0.5605439316907443), ('learning_rate', 0.00964715440893782), ('max_bin', 133), ('max_depth', 100), ('min_child_samples', 11), ('min_child_weight', 10.0), ('n_estimators', 394), ('num_leaves', 99), ('reg_alpha', 0.00016392433980566296), ('reg_lambda', 1e-09), ('scale_pos_weight', 1e-06), ('subsample', 1.0), ('subsample_for_bin', 119354), ('subsample_freq', 7)])"
73,-2.429029660078073,-2.425081710027053,-2.3654300146620377,-2.4065137949223883,0.029095295470366506,80,48.82717760403951,17.60404794649953,8.690331856409708,1.2285373338582142,0.38827319659622145,0.13232658703980946,1000,100,33,0.5882586007616574,129,2,0.00346937067807449,17.052180496328635,0.00020661203842003295,0.7051450334824846,483695,3,"OrderedDict([('colsample_bytree', 0.38827319659622145), ('learning_rate', 0.13232658703980946), ('max_bin', 1000), ('max_depth', 100), ('min_child_samples', 33), ('min_child_weight', 0.5882586007616574), ('n_estimators', 129), ('num_leaves', 2), ('reg_alpha', 0.00346937067807449), ('reg_lambda', 17.052180496328635), ('scale_pos_weight', 0.00020661203842003295), ('subsample', 0.7051450334824846), ('subsample_for_bin', 483695), ('subsample_freq', 3)])"
74,-2.4294747900349045,-2.391594710152876,-2.3433676367577063,-2.388145712315162,0.03523759498924543,72,99.13290341695149,38.70769888278153,52.63095863660177,6.814820163757224,0.01,0.30800932560369637,100,100,17,8.339496852605972,196,71,5.14080177557455e-05,14.341803920583269,0.415038062963839,0.322635625901045,100000,2,"OrderedDict([('colsample_bytree', 0.01), ('learning_rate', 0.30800932560369637), ('max_bin', 100), ('max_depth', 100), ('min_child_samples', 17), ('min_child_weight', 8.339496852605972), ('n_estimators', 196), ('num_leaves', 71), ('reg_alpha', 5.14080177557455e-05), ('reg_lambda', 14.341803920583269), ('scale_pos_weight', 0.415038062963839), ('subsample', 0.322635625901045), ('subsample_for_bin', 100000), ('subsample_freq', 2)])"
75,-2.4509602567740036,-2.396244250447727,-2.384889750076126,-2.410698085765952,0.02884456020793013,81,101.3858847618103,39.997219591460606,68.49305327733357,8.295191995330715,0.01,0.031698696823325774,100,100,37,6.245849787340317,248,61,0.0015083490058268934,0.17552453865492862,1e-06,0.23557724353423848,100000,6,"OrderedDict([('colsample_bytree', 0.01), ('learning_rate', 0.031698696823325774), ('max_bin', 100), ('max_depth', 100), ('min_child_samples', 37), ('min_child_weight', 6.245849787340317), ('n_estimators', 248), ('num_leaves', 61), ('reg_alpha', 0.0015083490058268934), ('reg_lambda', 0.17552453865492862), ('scale_pos_weight', 1e-06), ('subsample', 0.23557724353423848), ('subsample_for_bin', 100000), ('subsample_freq', 6)])"
76,-2.3410267448479645,-2.375519264518632,-2.3089798103543453,-2.3418419399069808,0.027170733610001375,20,141.96896966298422,56.16638381621772,68.33883770306905,10.338234753098197,0.2164093168454971,0.01718794093119781,1000,35,50,1.8583446998036912,293,58,9.226956428891706e-09,0.8407494577007503,0.019278937700330127,0.22375678174479874,387542,1,"OrderedDict([('colsample_bytree', 0.2164093168454971), ('learning_rate', 0.01718794093119781), ('max_bin', 1000), ('max_depth', 35), ('min_child_samples', 50), ('min_child_weight', 1.8583446998036912), ('n_estimators', 293), ('num_leaves', 58), ('reg_alpha', 9.226956428891706e-09), ('reg_lambda', 0.8407494577007503), ('scale_pos_weight', 0.019278937700330127), ('subsample', 0.22375678174479874), ('subsample_for_bin', 387542), ('subsample_freq', 1)])"
77,-2.4732638503400763,-2.388343954677676,-2.380260740489238,-2.4139561818356636,0.04206648900234036,82,137.70555369059244,49.78161281399277,20.358173608779907,2.661190110220726,0.9592529924804503,0.010791752875147791,1000,0,42,1e-07,264,4,0.0004318024892728921,0.05665598578647393,499.99999999999994,0.3251366512122957,422147,0,"OrderedDict([('colsample_bytree', 0.9592529924804503), ('learning_rate', 0.010791752875147791), ('max_bin', 1000), ('max_depth', 0), ('min_child_samples', 42), ('min_child_weight', 1e-07), ('n_estimators', 264), ('num_leaves', 4), ('reg_alpha', 0.0004318024892728921), ('reg_lambda', 0.05665598578647393), ('scale_pos_weight', 499.99999999999994), ('subsample', 0.3251366512122957), ('subsample_for_bin', 422147), ('subsample_freq', 0)])"
78,-2.4125834868766662,-2.4409881484333833,-2.2802420919624184,-2.3779379090908224,0.07004789177330921,69,393.00457914670307,139.95514817329263,87.75235390663147,10.79061546778073,0.9142157188572523,0.01585131934395329,1000,30,1,1e-07,463,57,3.559182805079635e-07,2.5920148090546436e-07,0.007014877950341238,1.0,500000,3,"OrderedDict([('colsample_bytree', 0.9142157188572523), ('learning_rate', 0.01585131934395329), ('max_bin', 1000), ('max_depth', 30), ('min_child_samples', 1), ('min_child_weight', 1e-07), ('n_estimators', 463), ('num_leaves', 57), ('reg_alpha', 3.559182805079635e-07), ('reg_lambda', 2.5920148090546436e-07), ('scale_pos_weight', 0.007014877950341238), ('subsample', 1.0), ('subsample_for_bin', 500000), ('subsample_freq', 3)])"
79,-2.347184702282469,-2.3981854512547183,-2.2933261281912967,-2.3462320939094945,0.04281393858207045,28,62.09006039301554,22.9949997918875,11.255528291066488,1.4971608743355098,0.6843530338341043,0.32328779384193534,548,6,6,6.007709639755659,50,63,0.026416628558500067,746.8615139952209,499.99999999999994,0.9345785430658005,500000,2,"OrderedDict([('colsample_bytree', 0.6843530338341043), ('learning_rate', 0.32328779384193534), ('max_bin', 548), ('max_depth', 6), ('min_child_samples', 6), ('min_child_weight', 6.007709639755659), ('n_estimators', 50), ('num_leaves', 63), ('reg_alpha', 0.026416628558500067), ('reg_lambda', 746.8615139952209), ('scale_pos_weight', 499.99999999999994), ('subsample', 0.9345785430658005), ('subsample_for_bin', 500000), ('subsample_freq', 2)])"
80,-2.3556962562500523,-2.361755723946676,-2.3135086069170456,-2.3436535290379243,0.021458743896867187,24,184.59288080533346,71.79502224442561,74.34814516703288,8.541880491344402,0.22828110415105965,0.01039809032059703,1000,20,39,8.818505600218316,303,100,1.2052150842121626e-09,7.547478717384899e-05,58.28644437788476,0.5202259613726178,424547,4,"OrderedDict([('colsample_bytree', 0.22828110415105965), ('learning_rate', 0.01039809032059703), ('max_bin', 1000), ('max_depth', 20), ('min_child_samples', 39), ('min_child_weight', 8.818505600218316), ('n_estimators', 303), ('num_leaves', 100), ('reg_alpha', 1.2052150842121626e-09), ('reg_lambda', 7.547478717384899e-05), ('scale_pos_weight', 58.28644437788476), ('subsample', 0.5202259613726178), ('subsample_for_bin', 424547), ('subsample_freq', 4)])"
81,-2.3733320175726096,-2.382031294734876,-2.3377456229401683,-2.3643696450825513,0.019158083969351054,58,205.71458570162454,83.80403691813817,135.6846756140391,15.23740018876735,0.01,0.019927454251219796,1000,0,36,10.0,500,77,4.4144820803527986e-05,0.9957381138714688,499.99999999999994,0.40195380041050244,343364,7,"OrderedDict([('colsample_bytree', 0.01), ('learning_rate', 0.019927454251219796), ('max_bin', 1000), ('max_depth', 0), ('min_child_samples', 36), ('min_child_weight', 10.0), ('n_estimators', 500), ('num_leaves', 77), ('reg_alpha', 4.4144820803527986e-05), ('reg_lambda', 0.9957381138714688), ('scale_pos_weight', 499.99999999999994), ('subsample', 0.40195380041050244), ('subsample_for_bin', 343364), ('subsample_freq', 7)])"
82,-2.3596048638627307,-2.449898561723211,-2.2849205011076887,-2.3648079755645433,0.06745242471377343,59,252.01835338274637,86.76828818709515,72.959716796875,17.12006503281601,1.0,0.04570104530175869,1000,14,44,5.013591500939449,254,100,1e-09,0.43344312124579776,1e-06,0.26873740124303874,458035,0,"OrderedDict([('colsample_bytree', 1.0), ('learning_rate', 0.04570104530175869), ('max_bin', 1000), ('max_depth', 14), ('min_child_samples', 44), ('min_child_weight', 5.013591500939449), ('n_estimators', 254), ('num_leaves', 100), ('reg_alpha', 1e-09), ('reg_lambda', 0.43344312124579776), ('scale_pos_weight', 1e-06), ('subsample', 0.26873740124303874), ('subsample_for_bin', 458035), ('subsample_freq', 0)])"
83,-2.3157212721572416,-2.400782001938588,-2.2729983316320794,-2.3298338685759696,0.05311334190520644,3,361.51441820462543,139.58895620274566,125.66895031929016,17.612662547208632,0.3523974426705613,0.015779225888570857,930,100,31,10.0,500,100,0.0001565772428821962,1e-09,2.3165605184104963,0.7536523883731187,104108,3,"OrderedDict([('colsample_bytree', 0.3523974426705613), ('learning_rate', 0.015779225888570857), ('max_bin', 930), ('max_depth', 100), ('min_child_samples', 31), ('min_child_weight', 10.0), ('n_estimators', 500), ('num_leaves', 100), ('reg_alpha', 0.0001565772428821962), ('reg_lambda', 1e-09), ('scale_pos_weight', 2.3165605184104963), ('subsample', 0.7536523883731187), ('subsample_for_bin', 104108), ('subsample_freq', 3)])"
84,-2.335145159931963,-2.4380574572465994,-2.278734830066187,-2.35064581574825,0.06596022857737034,36,295.56080349286395,115.63930705593542,85.81667494773865,12.117994376883338,0.7224282444739708,0.025225204082131282,552,89,22,2.884713814434483,500,31,1.4560512139129814e-05,0.004793903362725834,277.8855820589059,1.0,349285,9,"OrderedDict([('colsample_bytree', 0.7224282444739708), ('learning_rate', 0.025225204082131282), ('max_bin', 552), ('max_depth', 89), ('min_child_samples', 22), ('min_child_weight', 2.884713814434483), ('n_estimators', 500), ('num_leaves', 31), ('reg_alpha', 1.4560512139129814e-05), ('reg_lambda', 0.004793903362725834), ('scale_pos_weight', 277.8855820589059), ('subsample', 1.0), ('subsample_for_bin', 349285), ('subsample_freq', 9)])"
85,-2.345258521880327,-2.424155803596518,-2.2860389041675373,-2.351817743214794,0.05657642038490767,40,113.65734767913818,42.352716673693074,25.618330081303913,3.17583450214031,1.0,0.17318343227624872,1000,7,5,1e-07,106,67,1e-09,43.29407538250691,0.8703680844681305,0.7756843565519242,194917,8,"OrderedDict([('colsample_bytree', 1.0), ('learning_rate', 0.17318343227624872), ('max_bin', 1000), ('max_depth', 7), ('min_child_samples', 5), ('min_child_weight', 1e-07), ('n_estimators', 106), ('num_leaves', 67), ('reg_alpha', 1e-09), ('reg_lambda', 43.29407538250691), ('scale_pos_weight', 0.8703680844681305), ('subsample', 0.7756843565519242), ('subsample_for_bin', 194917), ('subsample_freq', 8)])"
86,-2.5025807994992793,-2.38802236290531,-2.407686341578994,-2.4327631679945276,0.0500169588974228,87,280.31518626213074,114.40422189614456,142.99050482114157,17.952890304716174,0.01,0.010461885270953354,167,100,20,10.0,500,100,3.3925147741512564e-05,1e-09,4.08529017804141e-06,0.6025914006317878,100000,10,"OrderedDict([('colsample_bytree', 0.01), ('learning_rate', 0.010461885270953354), ('max_bin', 167), ('max_depth', 100), ('min_child_samples', 20), ('min_child_weight', 10.0), ('n_estimators', 500), ('num_leaves', 100), ('reg_alpha', 3.3925147741512564e-05), ('reg_lambda', 1e-09), ('scale_pos_weight', 4.08529017804141e-06), ('subsample', 0.6025914006317878), ('subsample_for_bin', 100000), ('subsample_freq', 10)])"
87,-2.3169629247405576,-2.4087018928143795,-2.269542488558008,-2.331735768704315,0.057763960144310206,5,274.59512130419415,99.14988601933791,77.96793532371521,8.532841639157239,0.5665322103234801,0.015132636385466334,1000,48,7,2.692369285871914,348,100,1e-09,0.0028771018518395654,0.0008521211129176407,1.0,257203,2,"OrderedDict([('colsample_bytree', 0.5665322103234801), ('learning_rate', 0.015132636385466334), ('max_bin', 1000), ('max_depth', 48), ('min_child_samples', 7), ('min_child_weight', 2.692369285871914), ('n_estimators', 348), ('num_leaves', 100), ('reg_alpha', 1e-09), ('reg_lambda', 0.0028771018518395654), ('scale_pos_weight', 0.0008521211129176407), ('subsample', 1.0), ('subsample_for_bin', 257203), ('subsample_freq', 2)])"
88,-2.3678646436346114,-2.3558393036958196,-2.3199184275730906,-2.3478741249678405,0.020368160819949594,31,159.41779247919717,63.50099569451681,74.99846124649048,9.152668102516888,0.14060488498148355,0.01341174401068676,1000,100,27,3.9622966338055075,288,95,0.23754732193471217,0.00014072636636981245,495.2722093414573,0.9259118126184261,254994,0,"OrderedDict([('colsample_bytree', 0.14060488498148355), ('learning_rate', 0.01341174401068676), ('max_bin', 1000), ('max_depth', 100), ('min_child_samples', 27), ('min_child_weight', 3.9622966338055075), ('n_estimators', 288), ('num_leaves', 95), ('reg_alpha', 0.23754732193471217), ('reg_lambda', 0.00014072636636981245), ('scale_pos_weight', 495.2722093414573), ('subsample', 0.9259118126184261), ('subsample_for_bin', 254994), ('subsample_freq', 0)])"
89,-2.453893953026782,-2.3717814182852504,-2.3908966867839325,-2.405524019365321,0.03508167835451745,79,301.80431874593097,118.70055135268966,100.5029878616333,14.853734464479695,0.01,0.012394590121065275,1000,42,50,0.5839883219554781,380,100,1e-09,0.02437486399219708,29.957833365422214,0.747476132001856,100000,1,"OrderedDict([('colsample_bytree', 0.01), ('learning_rate', 0.012394590121065275), ('max_bin', 1000), ('max_depth', 42), ('min_child_samples', 50), ('min_child_weight', 0.5839883219554781), ('n_estimators', 380), ('num_leaves', 100), ('reg_alpha', 1e-09), ('reg_lambda', 0.02437486399219708), ('scale_pos_weight', 29.957833365422214), ('subsample', 0.747476132001856), ('subsample_for_bin', 100000), ('subsample_freq', 1)])"
90,-2.3564050187910404,-2.4168958690436235,-2.276538445045221,-2.349946444293295,0.057482382844798785,34,337.2857753435771,124.56487567836282,66.55904722213745,7.97241003442318,1.0,0.016157608437149838,436,60,7,10.0,317,100,9.738554108933692e-07,1.3091939478527055e-05,1e-06,1.0,500000,1,"OrderedDict([('colsample_bytree', 1.0), ('learning_rate', 0.016157608437149838), ('max_bin', 436), ('max_depth', 60), ('min_child_samples', 7), ('min_child_weight', 10.0), ('n_estimators', 317), ('num_leaves', 100), ('reg_alpha', 9.738554108933692e-07), ('reg_lambda', 1.3091939478527055e-05), ('scale_pos_weight', 1e-06), ('subsample', 1.0), ('subsample_for_bin', 500000), ('subsample_freq', 1)])"
91,-2.375500903233307,-2.4434047708736455,-2.2842613678707715,-2.3677223473259077,0.06520242903878755,61,446.6912128130595,159.726903918854,104.93942634264629,13.801230775628923,1.0,0.023451993906515485,1000,100,1,10.0,500,100,1.0,1e-09,0.00011176365851768412,1.0,100000,1,"OrderedDict([('colsample_bytree', 1.0), ('learning_rate', 0.023451993906515485), ('max_bin', 1000), ('max_depth', 100), ('min_child_samples', 1), ('min_child_weight', 10.0), ('n_estimators', 500), ('num_leaves', 100), ('reg_alpha', 1.0), ('reg_lambda', 1e-09), ('scale_pos_weight', 0.00011176365851768412), ('subsample', 1.0), ('subsample_for_bin', 100000), ('subsample_freq', 1)])"
92,-2.346685987704453,-2.4134260913740317,-2.2829572661325748,-2.34768978173702,0.05326840396718192,30,262.3951763312022,92.76187922044166,49.97822896639506,5.609010863525458,1.0,0.020575331774989304,1000,0,1,8.98517406303913,237,93,1e-09,0.06367799144354314,0.4434774921975164,0.998024424519676,383633,0,"OrderedDict([('colsample_bytree', 1.0), ('learning_rate', 0.020575331774989304), ('max_bin', 1000), ('max_depth', 0), ('min_child_samples', 1), ('min_child_weight', 8.98517406303913), ('n_estimators', 237), ('num_leaves', 93), ('reg_alpha', 1e-09), ('reg_lambda', 0.06367799144354314), ('scale_pos_weight', 0.4434774921975164), ('subsample', 0.998024424519676), ('subsample_for_bin', 383633), ('subsample_freq', 0)])"
93,-2.352295328626203,-2.4213393177704954,-2.292401874076273,-2.3553455068243236,0.05268265867044808,46,172.6834318637848,63.51756683349777,48.27242557207743,6.30956006442882,1.0,0.01599189785768729,1000,0,1,1.3042516086046845,262,71,1e-09,0.1471324983921361,2.6118446485646855e-05,0.37939773419869577,269507,6,"OrderedDict([('colsample_bytree', 1.0), ('learning_rate', 0.01599189785768729), ('max_bin', 1000), ('max_depth', 0), ('min_child_samples', 1), ('min_child_weight', 1.3042516086046845), ('n_estimators', 262), ('num_leaves', 71), ('reg_alpha', 1e-09), ('reg_lambda', 0.1471324983921361), ('scale_pos_weight', 2.6118446485646855e-05), ('subsample', 0.37939773419869577), ('subsample_for_bin', 269507), ('subsample_freq', 6)])"
94,-2.3642672445949313,-2.451380449332753,-2.272012964333365,-2.3625535527536834,0.0732364946528096,55,281.9434926509857,98.42120268200303,67.9779938062032,12.306321470799451,1.0,0.026228214709734295,652,50,50,10.0,340,45,1e-09,0.0002864107466231537,1e-06,1.0,451803,0,"OrderedDict([('colsample_bytree', 1.0), ('learning_rate', 0.026228214709734295), ('max_bin', 652), ('max_depth', 50), ('min_child_samples', 50), ('min_child_weight', 10.0), ('n_estimators', 340), ('num_leaves', 45), ('reg_alpha', 1e-09), ('reg_lambda', 0.0002864107466231537), ('scale_pos_weight', 1e-06), ('subsample', 1.0), ('subsample_for_bin', 451803), ('subsample_freq', 0)])"
95,-2.4482905479992576,-2.4315527681439773,-2.271238404837949,-2.3836939069937277,0.07981110320605891,70,276.76646598180133,105.3433207052467,65.61820872624715,9.11416162490588,1.0,0.029460936722529234,100,69,11,10.0,319,74,1e-09,2.2437858148462,1e-06,1.0,500000,10,"OrderedDict([('colsample_bytree', 1.0), ('learning_rate', 0.029460936722529234), ('max_bin', 100), ('max_depth', 69), ('min_child_samples', 11), ('min_child_weight', 10.0), ('n_estimators', 319), ('num_leaves', 74), ('reg_alpha', 1e-09), ('reg_lambda', 2.2437858148462), ('scale_pos_weight', 1e-06), ('subsample', 1.0), ('subsample_for_bin', 500000), ('subsample_freq', 10)])"
96,-2.4541606374976093,-2.4098182938791113,-2.3137366194826283,-2.3925718502864495,0.05861061377892841,76,121.26385696729024,48.651388325697546,79.88410663604736,8.053633358407335,0.6009161831030125,0.01943815041256598,306,7,34,1e-07,294,100,1e-09,0.034232567493727106,1.2847047078974738,0.01,217789,2,"OrderedDict([('colsample_bytree', 0.6009161831030125), ('learning_rate', 0.01943815041256598), ('max_bin', 306), ('max_depth', 7), ('min_child_samples', 34), ('min_child_weight', 1e-07), ('n_estimators', 294), ('num_leaves', 100), ('reg_alpha', 1e-09), ('reg_lambda', 0.034232567493727106), ('scale_pos_weight', 1.2847047078974738), ('subsample', 0.01), ('subsample_for_bin', 217789), ('subsample_freq', 2)])"
97,-2.3175323970211377,-2.39147852491188,-2.2674458971415214,-2.3254856063581797,0.05094744574542271,1,320.19745270411175,125.37017656938828,144.6784714857737,17.696894976523687,0.3788168828625185,0.020979535481692492,512,42,11,1e-07,500,100,1e-09,58.78571582154463,499.99999999999994,0.01,500000,0,"OrderedDict([('colsample_bytree', 0.3788168828625185), ('learning_rate', 0.020979535481692492), ('max_bin', 512), ('max_depth', 42), ('min_child_samples', 11), ('min_child_weight', 1e-07), ('n_estimators', 500), ('num_leaves', 100), ('reg_alpha', 1e-09), ('reg_lambda', 58.78571582154463), ('scale_pos_weight', 499.99999999999994), ('subsample', 0.01), ('subsample_for_bin', 500000), ('subsample_freq', 0)])"
98,-2.4770909655385513,-2.3836962459714788,-2.323790712743401,-2.394859308084477,0.06308038439730819,77,292.1254208087921,106.64790391928278,200.47807002067566,28.730085841692663,1.0,0.02115686468564591,681,48,3,10.0,500,100,1e-09,99.80075586544554,0.35015888884576557,0.01,385199,2,"OrderedDict([('colsample_bytree', 1.0), ('learning_rate', 0.02115686468564591), ('max_bin', 681), ('max_depth', 48), ('min_child_samples', 3), ('min_child_weight', 10.0), ('n_estimators', 500), ('num_leaves', 100), ('reg_alpha', 1e-09), ('reg_lambda', 99.80075586544554), ('scale_pos_weight', 0.35015888884576557), ('subsample', 0.01), ('subsample_for_bin', 385199), ('subsample_freq', 2)])"
99,-2.4301003602098725,-2.482390456231908,-2.4323171224267868,-2.448269312956189,0.02414425842739407,88,46.433940728505455,18.00786578093266,14.26133688290914,2.8855075164312596,0.01,1.0,216,65,50,1e-07,50,100,0.026693712438189725,1000.0,0.00033719819151970584,0.7576462406284377,100000,7,"OrderedDict([('colsample_bytree', 0.01), ('learning_rate', 1.0), ('max_bin', 216), ('max_depth', 65), ('min_child_samples', 50), ('min_child_weight', 1e-07), ('n_estimators', 50), ('num_leaves', 100), ('reg_alpha', 0.026693712438189725), ('reg_lambda', 1000.0), ('scale_pos_weight', 0.00033719819151970584), ('subsample', 0.7576462406284377), ('subsample_for_bin', 100000), ('subsample_freq', 7)])"
